﻿Id,Sentiment,pasangan_calon,text_tweet
1,negative,Agus-Sylvi,'Banyak akun kloning seolah2 pendukung #agussilvy mulai menyerang paslon #aniessandi dengan opini dan argumen pmbenaran..jangan terkecoh'
2,negative,Agus-Sylvi,'#agussilvy bicara apa kasihan yaa...lap itu air matanya wkwkwkwk'
3,negative,Agus-Sylvi,'Kalau aku sih gak nunggu hasil akhir QC tp lagi nunggu motif cuitan pak @SBYudhoyono kayak apa.. pasca #AgusSilvy Nyungsep..'
4,negative,Agus-Sylvi,'Kasian oh kasian dengan peluru 1milyar untuk tiap RW #agussilvy tidak mempan menangin pilkada #QuickCount #PilkadaSerentak2017'
5,negative,Agus-Sylvi,'Maaf ya pendukung #AgusSilvy..hayo dukung #AniesSandi diputaran 2 @ronavioleta @NetizenTofa'
6,negative,Agus-Sylvi,'aneh deh lebay masa ini di sangkut pautkan sama kandidat Calgub, anda lebay seperti yg anda dukung #agussilvy'
7,negative,Agus-Sylvi,'Kepada Allah SWT kami ucapkan rasa syukur dan kepada pak @SBYudhoyono @presidenSBY #AHY kami sampaikan terimakasih. Makna 17% suara anda.'
8,negative,Agus-Sylvi,'Terima Kasih teruntuk pendukung #AHY #SYLVI kalianlah pembeda kali ini'
9,negative,Agus-Sylvi,'Trima Kasih atas KeIstiqomahan Relawan #AHY @AgusYudhoyono lah yg tlh mengantarkan #AniesSandiDKI1 #JakartaGubernurBaru dg cukup signifikan'
10,negative,Agus-Sylvi,'Mengenang pidato kekalahan #ahy'
11,negative,Agus-Sylvi,'dammnn,!! politik cantik #SBY ngorbanin #AHY'
12,negative,Agus-Sylvi,"'Batal nyoblos, baru tau ternyata ga ada no.1 di kertas suara. #AHY #kangen #mosing	'"
13,negative,Agus-Sylvi,'sudah boleh Ngakak? survey mu jauh panggang dari api ! #Ahy'
14,negative,Agus-Sylvi,'aku juga kemarin #AHY 19april2017 suaraku utk paslon 3 #DKI'
15,negative,Agus-Sylvi,'Karna yang belebihan itu tidak baik ya bah #AHY'
16,negative,Agus-Sylvi,"'om AA kemana ? lepas #AHY kalah kok dia tutup mulut tidak koar"" mau bongkar SBY'"
17,negative,Agus-Sylvi,'kalau pencatutan nama #ahy dan mpo #silvi melanggar hukum ga ya.. wkwkwkwkkwkk'
18,negative,Agus-Sylvi,'ya pastilah #FPI kan ga suka ama Ahok jd pas #AHY udah kalah otomatis dukungannya lari ke mas #Anisa AniesSandi'
19,negative,Agus-Sylvi,'dia lah Banteng.. dia lah Garuda!! ksatria seperti bpk @prabowo gentle spt #AHY @AgusYudhoyono ..jadi cinta sama #HajiDjarot'
20,negative,Agus-Sylvi,'Gara2 e-KTP dikorupsi, fotoku yg semula mirip #AHY, pelan tapi pasti skrang malah mirip - Stickmoticons”'
21,negative,Agus-Sylvi,'Double LOL. @aniesbaswedan nuduh @AgusYudhoyono miskin ide, sekarang dia copy #AHY. @SBYudhoyono http://m.republika.co.id'
22,negative,Agus-Sylvi,'Kemana nih Antasari. .. #ahy kalah di #pilgubdki2017 melempem dia... bener-bener akting yang https://www.instagram.com/p/BRXaBMtBUeb/'
23,negative,Agus-Sylvi,'Ingat! Tidak bisa modal OMONGAN saja. Tapi kerja nyata! #agusharimurtiyudhoyono #AHYâ€_ https://www.instagram.com/p/BROjg0gBpYa/'
24,negative,Agus-Sylvi,'#ahy, pakdhe karwo, Pilgub Jatim, Pak Dhe Karwo Isyaratkan Agus Tidak Akan Maju di Pilgub Jatim'
25,negative,Agus-Sylvi,'Paslon salah langkah seperti dilakukan Sandi ini, bukan tidak mungkin jadi bumerang gagal dapat suara #AHY. @ZaraZettiraZZ @monethamrin'
26,negative,Agus-Sylvi,'Jangan2, relawan inilah yang gembosi #AHY lalu.'
27,negative,Agus-Sylvi,'Di manakah #AHY... Sang Ksatria, Samurai, Prajurit, Pembangun semangat & harapan, Pahlawan yg dinanti-nantikan rakyat itu...'
28,negative,Agus-Sylvi,'Kini, ketika #AHY berada di luar arena, tabir kegelapan & tiada harapan kembali menyergap rakyat. Kemana lagi rakyat mencari ketulusan?'
29,negative,Agus-Sylvi,'@AdjieRimbawan isu lama diangkat lagi, video lama dishare lagi, padahal video sudah disebar buzzer #AHY eh jelang #putaranke2 disebar lagi'
30,negative,Agus-Sylvi,'Baru tau Bu Carik @luviku tidak coblos #AHY kemarin. Piss'
31,negative,Agus-Sylvi,"'Awas ye kalo minta dukungan suara pendukung #AHY	'"
32,negative,Agus-Sylvi,'Ini Dia Pelaku Pengirim SMS Gelap Antasari Azhar #Indonesia #SBY #AHY #Anies #Ahok #Berita #JumatBerkah #Rizieq'
33,negative,Agus-Sylvi,'Antasari Diancam Harry Tanoe https://youtu.be/9KbbpAjibTc  #Antasari #ahok #Sby #AHY #berita #MetroTV #Indonesia #JumatBerkah #KimJongNam'
34,negative,Agus-Sylvi,'Tuduhan terhadap #AHY yg kerap dilontarkan: anak ingusan dan cuma mayor, sekarang tak terdengar lagi. Dudah berubah menjadi sanjungan!?'
35,negative,Agus-Sylvi,'JOKE terbaik selama pilkada serentak 2017 #bravo @masril_pku @Chilli_Pari #AHY.'
36,negative,Agus-Sylvi,'Jangan curiga dulu saldonya bisa di kenti seperti BLT orang mau berbuat baik belum apa2 sudah curiga mekanismenya seperti apa #AHY'
37,negative,Agus-Sylvi,'ahoker masih bully #AHY'
38,negative,Agus-Sylvi,'Sayang mayor #AHY termasuk yang dikader untuk pemimpin masa depan Dari SMA taruna beliau selalu yang teratas Lagi2 itu pilihan #pensiundini'
39,negative,Agus-Sylvi,'setuju bangett.. banyak yang tidak bersyukur kemrin tidak banjir sekarang malah sibuk mencari pembelaan #jangan_sombong #AHY #banjirjkt'
40,negative,Agus-Sylvi,'pakai sedotan atau sodetan versi #AHY'
41,negative,Agus-Sylvi,'Hellloooo.... Suara rakyat.. Ngerti suara rakyat? Bukan suaranya #AHY or dek @AgusYudhoyono.. Ngopi dulu gih.. #PenikmatKopi'
42,negative,Agus-Sylvi,'Cari teman kok cara gitu ya.. pdhal #AHY sdh jelas. Gubernur Baru...@MasTBP'
43,negative,Agus-Sylvi,'secara kesatria dan lapang dada ternyata hoax, yang ada hanya kalah ya sudah masih menang banyak ulama bayaran #ahy'
44,negative,Agus-Sylvi,'Agus tersingkir, Ahok & Anies rebutan suara AHY untuk kepentingan kelompok   lewat @YouTube #ahok #anies #ahy #pilgub'
45,negative,Agus-Sylvi,'Meskipun #AHY kehilangan kesempatan untuk menduduki Gubernur DKI 2017-2022'
46,negative,Agus-Sylvi,'Banyak konstituen #AHY risih sama mulutnya Ahok tapi kalau diminta pilih Anies dengan gerombolan khilafah dibelakangnya lebih memilih Ahok'
47,negative,Agus-Sylvi,'Cari teman ni yee.1dan3 punya keinginan sama Gubernur Baru...tunggu dlu hasil resmi KPU baru dengar pernyataan #AHY'
48,negative,Agus-Sylvi,'blunder itu ya dulu hina2 #AHY tapi sekarang butuh 17% suara dan harus ngemis minta sama orang yang dulu di hina2. JLEB!'
49,negative,Agus-Sylvi,'Masih mau mencaci maki #AHY dan Pepo Memo nya?! Kalian hrs mengemis minta suara 17% kpd orang2 yang selama ini kalian hina!!!!!!'
50,negative,Agus-Sylvi,'Golput lebih tinggi daripada pemilih #AHY ya nampaknya. #pilkadadki2017'
51,negative,Agus-Sylvi,'Kalau merhatiin relawan #AHY saat ini minta rehat itu karena ada hal yang ganjal mungkin harus ada Islah dengan relawan #AniesSandi dulu.'
52,negative,Agus-Sylvi,'#AHY, pakar mantan, sby, Ini Surat Anas Urbaningrum Dari Jeruji Besi, Sindiran Buat Mantan?'
53,negative,Agus-Sylvi,'Jangan tanya aku. aku sekeluarga pemilih #AHY. Kalau program DP 0% nyata. aku sekeluarga milih #3. https://twitter.com/totonih/status/'
54,negative,Agus-Sylvi,'#AHY-Sylvi, Anies-Sandiaga, Basuki-Djarot, Debat Pilkada DKI 2017, Jangan Jual Mimpi Demi Jadi Gubernur...'
55,negative,Agus-Sylvi,'ahhhh bukannya karena bang aji ada disitu yang bikin kalah #AHY?'
56,negative,Agus-Sylvi,'Mungkin saya, dengan rendah hati, bisa meminta pendukung paslon 1 yang masih berat hati, untuk melihat foto ini sejenak #AHY'
57,negative,Agus-Sylvi,'Aku bangga jadi anak memo. #AHY #moshing'
58,negative,Agus-Sylvi,'Pendukung #AHY sulit melupakan bully2 seperti ini'
59,negative,Agus-Sylvi,'pantas saja #AHY hancur'
60,negative,Agus-Sylvi,'anggap saja bisa, sebulan kemudian pada dijual (pindah tangan) ke orang2 elit partai gerindra dan pks #pilkadadki #ahy'
61,negative,Agus-Sylvi,'#AHY, antasari, konferensi pers sby, sby, Konferensi Pers SBY seperti Rengekan Anak Kecil'
62,negative,Agus-Sylvi,'Tim yang tidak pernah tidur #ahy'
63,negative,Agus-Sylvi,'Coba beretika bila ingin dukungan dari konstituen setia #AHY. Jangan menipu dengan membuat meme dan berita palsu. Rachland Nashidik'
64,negative,Agus-Sylvi,'Kasihan #AHY ,, Tidak menyadari ada musuh dalam sarung Selfienya sebagai motivasi terselubung hmmm.'
65,negative,Agus-Sylvi,'amieeennnnn dan tidak lupa dengan janji2 manis saat kampanye..#AHY Sang Mayor Sejati'
66,negative,Agus-Sylvi,'Pada Pilkada DKI, AHY dan SBY jadi target hoax dan fitnah yang dilakukan akun-akun pendukung Ahok.'
67,negative,Agus-Sylvi,'AHY masih mentah tapi mau dikarbit demokrat, melihat pilkada dki mereka tahu bahwa kemenangan pemilu cukup memakai sentimen sara saja'
68,negative,Agus-Sylvi,'Akibat pernyataan Antasari, suara AHY melorot pada Pilkada DKI.'
69,negative,Agus-Sylvi,'Enam bulan kampanye pilkada di kubu AHY, pendukung Ahok sibuk serang program AHY. Tidak pernah mereka kampanye program Ahok sendiri'
70,negative,Agus-Sylvi,'(13) namun apa yang dicontohkan AHY dan pendukungnya tak terjadi paska putaran kedua Pilkada DKI Jakarta. Perentangan menjadi semakin tajam.'
71,negative,Agus-Sylvi,'AHY dan Tim berjalan menjauh dari hiruk pikuk Pilkada. Melanjutkan perjalanan panjang politik mereka dengan rasa kecewa @panca66 @bambangelf'
72,negative,Agus-Sylvi,'Ketika AHY kalah & berpidato, semua timnya terdiam menangis, lalu setelah itu mereka melepaskan diri dari pilkada DKI. @panca66 @bambangelf'
73,negative,Agus-Sylvi,'sejujurnya penilaian subyektif saya, terlalu cepat bila AHY 2019. Kalah di pilkada bukan modal, tapi catatan negatif.'
74,negative,Agus-Sylvi,'Tolak bajingan tengik AHY tukang sogok pemilih ini. Bangsat AHY ini sungguh berbahaya'
75,negative,Agus-Sylvi,'tolak ahy yang berpolitik membawa agama #AHYMaininSARA'
76,negative,Agus-Sylvi,'Astaga ini pendukung AHY tidak terima sekali dengan hasil survey,harusnya jadi tolak acuan untuk lebih semangat #efeknontonmetro'
77,negative,Agus-Sylvi,'Sah-sah aja, Justru itu menjadi tolak ukur kedewasaan warga dki, kalo AHY menang artinya pola pikir warga masih primitif.. #PolitikUangAHY'
78,negative,Agus-Sylvi,'Suara Warga Cuma Dihargai SEMBAKO TOLAK AHY Sudah melakukan penyuapan kepada warga @Abaaah @MurtadhaOne @RinjaniJB @fariz1234 @ananghijau'
79,negative,Agus-Sylvi,'Sejak AHY tidak ikut pilkada lagi sudah tidak asyik ya'
80,negative,Agus-Sylvi,'tinggal seleksi tendemnya. Di pilkada DKI AHY kalah karena tendemnya salah pilih. Malah mengurangi kualitas AHY'
81,negative,Agus-Sylvi,'Ternyata segelintir pendukung AHY merasa ditikung di saat terakhir karena adanya tweet dari akun resmi parpol pendukung Anies-Sandi #Pilkada'
82,negative,Agus-Sylvi,'AHY Menanggung Akibat Cuitan Ayahnya yang Tak Produktif.'
83,negative,Agus-Sylvi,'kering sudah darah @ahy saatnya menghisap darah @anisandi mumpung stok darahnya bergudang-gudang, darah hantu diminum setan #pilkadadki'
84,negative,Agus-Sylvi,'Sebenarnya reaksi pendukung AHY ini tak perlu bersikap Baper seperti itu, karena tak ada yang mau jadi pecundang di ajang Pilkada #PilkadaDK'
85,negative,Agus-Sylvi,'Dengan Suara Bergetar, AHY Minta Maaf Sudah Kecewakan Pendukungnya. http://bit.ly/2kSOA2G  #pilkadadki'
86,negative,Agus-Sylvi,'AHY Kalah di Kandang, Begini Respon Para Tetangga. http://bit.ly/2kpEDv4 #pilkadadki'
87,negative,Agus-Sylvi,'lini pertahanan AHY rapuh debat efek, aksi 112 efek dan Antasari efek #pilkadaDKI'
88,negative,Agus-Sylvi,'Gagal di Pilkada DKI Jakarta AHY Diisukan Maju ke Pilgub Jatim https://goo.gl/fb/ECcmdW  #headlines #politikbirokrasi #pilkadadki'
89,negative,Agus-Sylvi,'AHOK melejit... Anies menanjak... AHY mengapung... #PilkadaDKI'
90,negative,Agus-Sylvi,'Berdasarkan survey sementara, AHY masuk 3 besar. Selamat! #PilkadaSerentak2017 #PilkadaDKI'
91,negative,Agus-Sylvi,'Meninggalkan zona aman dan nyaman demi kemajuan Jakarta, dengan hasil yang tak sesuai harapan - AHY #realitybites #PilkadaDKI'
92,negative,Agus-Sylvi,'Kasihan AHY kalah walaupun sudah umroh, dibantu doa 7 juta umat.Ternyata Allah itu netral, tidak berpolitik #PilkadaDKI'
93,negative,Agus-Sylvi,'Jual baju bekas AHY, baru 3 bulan, PM for info #PilkadaDKI @AgusYudhoyono'
94,negative,Agus-Sylvi,'AHY siap siap jadi vocalis BAND rock yaaaa, lompat lompat mulu bang kerjaannya #PilkadaDKI #QuickCount'
95,negative,Agus-Sylvi,'Kasian benar nasib AHY, karir tinggi di TNI harus tamat karena nafsu pepo. Selanjutnya paling cepat ikut parpol kalau tidak begitu dagang ak'
96,negative,Agus-Sylvi,'Jangan sampai SBY berkata AHY kalah gara-gara Antasari ya? Survey kan sudah menunjukan AHY terus merosot elektabilitasnya #PilkadaDKI'
97,negative,Agus-Sylvi,'Saya bertanya kepada Bapak Presiden, TV saya rusak apa ya? Kok AHY tidak naik naik hasil QC sementara? #PilkadaDKI *GPP*'
98,negative,Agus-Sylvi,'Pepo sampai saat ini kok belum menyatakan prihatin AHY jadi pecundang #pilkadaDKI #pilkadarasapilpres #Pilkada2017'
99,negative,Agus-Sylvi,'Selamat datang AHY sebagai rakyat biasa setelah mundur dari TNI dan kalah di Pilkada DKI #pilkadaDKI #pilkadarasapilpres'
100,negative,Agus-Sylvi,"'heeebohhhh....Agus Sylvi kalah di TPS 6 tmpat @AgusYudhoyono menggunakan hak pilihnya... #PilkadaDKI #QuickCount #ahy	'"
101,negative,Agus-Sylvi,'Yang pilih #AHY semoga tidak  ikut demokrat yaa kalau benar mau dukung Ahok.'
102,negative,Agus-Sylvi,'Demokrat ke Ahok, Gerindra: Ini Tantangan karena Mereka Bermain Politik Kotor http://dlvr.it/NNsyDv'
103,negative,Agus-Sylvi,'Mesin robot #AHY-Sylvi lupa dimatiin, jadi masih masuk trending topik'
104,negative,Agus-Sylvi,'Buat pendukung #AHY mari rapatkan barisan ke paslon #3 Buang issu miring paslon #3 Masih mau dipimpin seorang TERDAKWA? SIMULUT EMBER????'
105,negative,Agus-Sylvi,'Harusnya rakyat menangis melihat #AHY KALAH. Bukan dari aspek #AHY sebagai pribadi, tapi demi kepentingan rakyat sendiri. #TetapAHY'
106,negative,Agus-Sylvi,'Maksud hati caper dari ahy/silvy, eh malah kena protes dari mereka <FACE WITH STUCK-OUT TOUNGES> <Rolling on the Floor Laughing> <Rolling on the Floor Laughing>'
107,negative,Agus-Sylvi,'AHY bisa kok menang pilgub DKI, bisa.... Asal ngumpulin dulu 7 bola dragon ball <Rolling on the Floor Laughing> <Rolling on the Floor Laughing> #QuickCount #PilkadaDKI'
108,negative,Agus-Sylvi,'Ah sekarang kalau lihat AHY jadi inget Norman Kamaru Apakah AHY akan jualan bubur? Lalu naik haji <Smiling Face With Open Mouth & Smiling Eyes> #PilkadaDKI'
109,negative,Agus-Sylvi,'AHY kemungkinan besar tersingkir <Persevering Face> <Persevering Face> #PilkadaDKI hampir pasti dilanjuntukan di putaran kedua, Ahok-Djarot vs Anies-Sandi.'
110,negative,Agus-Sylvi,'AHY nyungsep , orang bapaknya aja menyarankan coblos no 2 <Smiling Face With Open Mouth & Smiling Eyes> #PilkadaDKI'
111,negative,Agus-Sylvi,'Mau nyoblos atau mau ke tempat berkabung. <Tongue> #Ahy memakai baju hitam2..atau lagi sedih <Smiling Face With Open Mouth & Smiling Eyes> #siapkalah di #Pilkadadki  @Metro_TV'
112,negative,Agus-Sylvi,'AHY Sangat Cemas Terhadap Situasi Sosial Usai Pilkada Jakarta: Pilkada DKI Jakarta berdampak negatif bukan hanyaâ€_ http://dlvr.it/PGqY'
113,negative,Agus-Sylvi,'AHY kalah.. Sisi negatif: Umat Islam tertunda dalam menempatkan pemimpin. Sisi positif: Umat Islam terhindar dari saling hujat & buka aib.'
114,negative,Agus-Sylvi,'#DebatFinalPilkadaJKT AHY AHY Anda ngomong karakter.. Anda tau yang barusan Anda omongkan untuk melihat sisi negatif orang lain? <Tongue> <Oncoming Fist>'
115,negative,Agus-Sylvi,'AHY hanya membicarakan negatif saja untuk Jakarta, tidak ada solusi yang tepat untuk mengatasi nol besar. <Thumbs Down> #Debat1PilkadaDKI'
116,negative,Agus-Sylvi,'Kicauan Negatif SBY Diyakini Pengaruhi Elektabilitas AHY http://brt.st/5qQ7  via @beritasatu #JakartaAdalahKita'
117,negative,Agus-Sylvi,'Ya Alloh Tuhan YME, AHY ternyata didukung senator beraura negatif #SenatorDKIDukungAgusSylvi'
118,negative,Agus-Sylvi,'menemukan Foto seperti ini, Ternyata lingkaran orang2 AHY penuh masalah semua integritas dan kwalitas yang negatif Waspada.. Waspada.. <Thumbs Down>'
119,negative,Agus-Sylvi,'wah si AHY 70% sentimennya negatif. Wkwkwk.<FACE WITH STUCK-OUT TOUNGES>'
120,negative,Agus-Sylvi,'Senjata makan tuan aka karma @Beritasatu: #PopulerB1 2: Kicauan Negatif SBY Diyakini Pengaruhi Elektabilitas AHY <FACE WITH STUCK-OUT TOUNGES>'
121,negative,Agus-Sylvi,'#AHY AniesHilangYa.. #AhokDjarotDiRosi. <Grimacing Face> <Grimacing Face> @KompasTV @Rosianna766Hi @SittaYohag @gunawanahokers @gUNJKT_ @PartaiSocmed @ulinyusron'
122,negative,Agus-Sylvi,'#AHY Anies Hilang Ya di debat @KompasTV #ahokdjarotdirosi <Grimacing Face> <Grimacing Face> @Takviri @WahhabiCC @embah72 @gerilyapolitik @cagubnyinyir @kangdede78'
123,negative,Agus-Sylvi,'2.mesti nyuruh mantan pemilih #AHY-#Sylvi buat pilih paslon #Anies-#Sandi !!! <Face With Open Mouth> <THUMBS UP> <OK HAND> <FOLDED HANDS> <Thinking Face> <Smiling Face With Sunglasses> https://twitter.com/RestySeterah/status'
124,negative,Agus-Sylvi,'1.Kenape kagak dilawan ama pasangan #AHY-#DickyChandra buat Pilgub Jabar ??? Cuma Demokrat emang hrs tegas dulu buat Pilgub DKI, <Thinking Face> <Thinking Face> <Thinking Face>'
125,negative,Agus-Sylvi,'Gara2 kemaren #AHY pake seragam hitam2 ??? <Thinking Face> <Thinking Face> <Thinking Face> <Smiling Face With Open Mouth & Closed Eyes> <Smiling Face With Sunglasses> https://twitter.com/NetizenTofa/status/841350678345736192 …'
126,negative,Agus-Sylvi,'ya pastilah #FPI kan tidak suka sama Ahok jadi pas #AHY udah kalah otomatis dukungannya lari ke mas #Anisa AniesSandi <Grimacing Face>'
127,negative,Agus-Sylvi,'ahoker masih bully #AHY'
128,negative,Agus-Sylvi,'@ZaraZettiraZZ @NetizenTofa @ndoro__putri ada ahoker masih ngebully program #AHY <FACE WITH TEARS OF JOY> <FACE WITH TEARS OF JOY> <FACE WITH TEARS OF JOY>'
129,negative,Agus-Sylvi,'Kirim ke aku saja Kaosnya... #AHY sejati <Smiling Face With Smiling Eyes> <Smiling Face With Smiling Eyes> <Smiling Face With Smiling Eyes>'
130,negative,Agus-Sylvi,'#ahy <Frowning Face>'
131,negative,Agus-Sylvi,'#AHY,humor,lagu, Kisah Sedih AHY di Balik Lagu Jatuh Bangun  <Frowning Face> <Frowning Face>'
132,negative,Agus-Sylvi,'#AHY,Cuitan Hati SBY,Cuitan SBY, jokowi, mantan, mantan terindah,Pilgub DKI 2017  <Tongue> <Tongue>'
133,negative,Agus-Sylvi,'Owalah, kasihan kamu, Dik. Semoga kamu tidak jadi orang miskin, ya. Aamiin <THUMBS UP>  #AHY selalu dihati  <Tongue> '
134,negative,Agus-Sylvi,'Aku bangga jadi anak memo.  <Tongue>   <Face With Stuck-Out Tongue & Closed Eyes>  <FACE WITH TEARS OF JOY>    #AHY #moshing'
135,negative,Agus-Sylvi,'Pendukung #AHY sulit melupakan bully2 seperti ini <Thumbs Down>'
136,negative,Agus-Sylvi,'Versi #3 video #AHYANGaruk2Kepala terlihat bingung bicara banjir, kota apung  <Face With Stuck-Out Tongue & Closed Eyes>  di atas, permukaan tanah dan air, bikin bengong <Smiling Face With Open Mouth & Closed Eyes>'
137,negative,Agus-Sylvi,'Ahokers mendadak #AHY ?? Gak salah tuh?? Sesuatu banget !!  <Face With Stuck-Out Tongue & Closed Eyes> <Face With Stuck-Out Tongue & Closed Eyes> <Face With Stuck-Out Tongue & Closed Eyes> <Face With Stuck-Out Tongue & Closed Eyes> <Face With Stuck-Out Tongue & Closed Eyes>'
138,negative,Agus-Sylvi,'HOAX kok tidakada habis2nya...  Foto 4 hari sebelum pencoblosan...fotonya tidak HOAX.. tulisanya penuh dusta! <Angry Face>'
139,negative,Agus-Sylvi,'Deklarasi ini sepihak. Tanpa konsultasi dan persetujuan AHY.'
140,negative,Agus-Sylvi,'@Syahrir_Lantoni sudah kena telikung sekarang nama #AHY dibajak pula? <Face With Stuck-Out Tongue & Closed Eyes>'
141,negative,Agus-Sylvi,'Meski saya tak pilih #AHY, kok rasanya mules ya dengan kontestasi politik putaran 2 #politikpalsu cuih  <Pig Nose> <Pig Nose>'
142,negative,Agus-Sylvi,'Pak @SBYudhoyono jangan biarkan pengorbanan dan perjuangan #AHY , Kita #Lawan Rezim Koplak ini ! #nunggu komando.  <Fire>  <Fire>'
143,negative,Agus-Sylvi,'Jadi gak sampai hati ketika mencermatinya ! Mungkin ada penyusup masuk tidak terpantau <Person Bowing> oleh team #AHY'
144,negative,Agus-Sylvi,'Ayo pendukung AHY Dukung penggembosmu <Tongue> <Fire> <Fire>'
145,negative,Agus-Sylvi,'Suara #ahy bakal direbuntukan. Apakah pak @basuki_btp mau melanjuntukan program yang di usung pak @AgusYudhoyono sepertinya tidak .  <Expressionless Face>'
146,negative,Agus-Sylvi,'@SBYudhoyono tweet anda yang justru kontraproduktif terhadap #AHY pak. <Zipper-Mouth Face> <Zipper-Mouth Face> <Zipper-Mouth Face>'
147,negative,Agus-Sylvi,'#AHY #SBY #Jakarta #Jatim #Jabar #Presiden #NgopiSore Mau ke Mana AHY Setelah Nyungsep di Jakarta? @tribunmedan'
148,negative,Agus-Sylvi,'Suara #AHY rusak gara-gara nyanyian si AA PeKa ini, moga SBY bisa bikin dia jeblos penjara sampai pupus disana !!! #GueGeram  <Face With Steam From Nose>'
149,negative,Agus-Sylvi,'awas banyak mendadak baik, metamorfosis dari kecebong brubah jd anjing penjilat #AHY & #AniesSandi  <OK HAND> <Clapping Hands>'
150,negative,Agus-Sylvi,'Sekarang tinggal tunggu sikap #AHY terhadap manuver agus   <Clapping Hands>  <Face With Cold Sweat> <Face With Cold Sweat>'
151,positive,Agus-Sylvi,'Doa ku.. Semoga suaranya mas Agus-Sylvi beneran ke #Badja #PilkadaDKI2017 yakin kan mas Agus.. Aku pada mu..'
152,positive,Agus-Sylvi,'Terima kasih mas @AgusYudhoyono, karenamu anak muda telah berani menyuarakan perubahan. Kami tetap bersamamu #YNWA'
153,positive,Agus-Sylvi,'KETEMU DI ISTIQLAL Bangga Pernah Jadi Bagian Dari @AgusYudhoyono dan @sylviana_murni @ZaraZettiraZr @AhyCenter @SohibAHY'
154,positive,Agus-Sylvi,'Tersingkir dari kancah pilkada DKI, rupanya ada cara lain untuk mengangkat seseorang #AHY Mendunia'
155,positive,Agus-Sylvi,'Dalam Pilkada DKI, AHY juga mampu menunjukkan kualitasnya sebagai seorang pemimpin muda yang berjiwa ksatria. (AHY mendunia)'
156,positive,Agus-Sylvi,'usai pilkada DKI AHY keliling Nusantara merajut Persatuan #Indonesia bukan cuma Jakarta!'
157,positive,Agus-Sylvi,'(12) AHY justru menitipkan pentingnya menjaga pluralisme, kebangsaan dan kesatuan dalam persaingan Pilkada. Persatuan lebih penting.'
158,positive,Agus-Sylvi,'AHY memang kalah di pilkada tetapi MENANG di hati rakyat.'
159,positive,Agus-Sylvi,'Dari pada pendukung Ahok berantem terus. Mending kaya pendukung AHY membuat kopdar biar makin luas siapa tau jadi calon lagi'
160,positive,Agus-Sylvi,'Menurut AHY, Pilkada DKI memberi hikmah, pelajaran, ujian dan tantangan yang dapat ia ambil. Semua itu dapat mematangkan karakternya#AIMAN'
161,positive,Agus-Sylvi,'@AgusYudhoyono Semangat terus Pak AHY, faktor kekalahan pada pilkada waktu kemarin itu adalah wakil Pak AHY, nanti maju lagi, insyaAlloh.'
162,positive,Agus-Sylvi,'kalau dilihat upaya Demokrat mengenalkan AHY cukup berhasil di Pilkada Jakarta, dan sekarang AHY sudah mulai blusukan ke seluruh Indonesia'
163,positive,Agus-Sylvi,'@AHY prinsip kepemimpinan, memenangkan sebuah Pilkada, belajar terus dan sangat dinamis. @hildathawilla @Panti_silaban'
164,positive,Agus-Sylvi,'Pilihan warga jkt Mayoritas bukan pada ahok, tapi calon selain ahok, terbukti di dua putaran pilkada dki. Mayoritas memilih AHY dan Anies'
165,positive,Agus-Sylvi,'Lewat Akun Instagram, AHY Ucapkan Selamat Kepada Paslon Pemenang Pilkada DKI Jakarta'
166,positive,Agus-Sylvi,'Menyeberangi Selat Malaka. Aiman KompasTV yang mendapat kesempatan pertama mewawancarai AHY usai Pilkada DKI @Rosianna766Hi'
167,positive,Agus-Sylvi,'AHY Sebut Pilkada DKI Berjalan Bermartabat'
168,positive,Agus-Sylvi,'Salam kagum buat AHY. Masih muda, berani pensiun dini, berani menantang ahok di pilkada, disaat semua pada takut, termasuk @ridwankamil'
169,positive,Agus-Sylvi,'Pilkada DKI berdoa AHY menang. Mudah-mudahan Anies Sandi yang menang.'
170,positive,Agus-Sylvi,'soal mental kalah Pilkada, Indonesia harus berguru pada sosok AHY.'
171,positive,Agus-Sylvi,'LSI telah membuktikan kejujuran surveynya pada pilkada DKI tahap1- ahokdjarot disurvey langsung kalah dan Ahy menang 1 putaran,'
172,positive,Agus-Sylvi,'sehabis pilkada,pileg dan pilpres saya harap AHY menjadi ketua DPR @AgusYudhoyono'
173,positive,Agus-Sylvi,'Sebentar lagi kita lupakan kegilaan pilkada DKI. Mari berlari bersama AHY. Kita mulai dari Kepri 23 April'
174,positive,Agus-Sylvi,'Saya bilang PASTI MENANG karena bentuk keyakinan akan keberhasilan goal goal LAIN dari IMPROVISASI politik Pak SBY & Pak AHY,di Pilkada DKI.'
175,positive,Agus-Sylvi,'semoga Anies menang pilkada dan AHY jadi presiden Indonesia 2019 Aamiin YRA klop dah!@AgusYudhoyono'
176,positive,Agus-Sylvi,'@SBYudhoyono setelah pilkada DKI, AHY jadi sangat diperhitungkan. Diharapkan dia bisa menjadi pemimpin RI selanjutnya'
177,positive,Agus-Sylvi,'saya pikir target AHY dalam pilkada kemarin adalah untuk membangun sentimen positif'
178,positive,Agus-Sylvi,'Jadi, tolong hargai sikap saya dan beberapa pendukung AHY yang memilih bersikap netral di putaran kedua Pilkada DKI 2017 ini.'
179,positive,Agus-Sylvi,'Pilkada Rasa Pilkades kata mas @panca66 tidak ada AHY tidak rame'
180,positive,Agus-Sylvi,'di pilkada putaran pertama kemarin saya membuat kaos AHY sendiri untuk dibagi-bagikan dilingkungan saya Utan Kayu Jaktim.'
181,positive,Agus-Sylvi,'tetap semangat dukung AHY-Sylvi sampai pilkada terlaksana, yakin dan tentukan pilihan anda kepada yang pro rakyat.'
182,positive,Agus-Sylvi,'Salah satu cara AHY-Silvy menang pilkada itu mudah. Ibu silvy naik mio tidak memakai helm keliling komplek saat pemilihan Dijamin pada segan'
183,positive,Agus-Sylvi,'Maju terus AHY-Silvy dan Anies-Sandi BerSATU bersama menangkan pilkada DKI #pilihpemimpinmuslim #Debat2PilkadaDKI'
184,positive,Agus-Sylvi,'Kita tunggu kualitas jiwa Anies Sandi..apa ucapan atas peran suara loyalis AHY-Silvy dalam kemenangan pilkada ini #BasukiKeokMasukBui'
185,positive,Agus-Sylvi,'Terimakasih AHY-SILVY, tanpa kalian jakarta tidak akan mempunyai gubernur baru'
186,positive,Agus-Sylvi,'saya lebih ke #AgusSilvy'
187,positive,Agus-Sylvi,'Cakeeepppp....#bersatunya pendukung #AniesSandi dan #agussilvy'
188,positive,Agus-Sylvi,'Jangan lupa pilih paslon no. 1 #AgusSilvy #ForRI1 https://twitter.com/Ruchan_JKT48/status/830605267070902274'
189,positive,Agus-Sylvi,'Sinyal Positif Agus-Sylvi Merapat ke Anies-Sandi #PilkadaDKIJakarta #agussilvy https://www.harianbernas.com/berita-32894-Sinyal-Positif'
190,positive,Agus-Sylvi,'@ArainsanR @fadlizon @AhyFansclub @AniesSandiNo3 @Gerindra @PDemokrat SIAP RAPATKAN BARISAN SEMUA! SATU KOMANDO #agussilvy'
191,positive,Agus-Sylvi,'@AhyFansclub Kalau putaran 2 ,, SIAP RAPAT KAN BARISAN SEMUA ! SATU KOMANDO ! #aniessandi #agussilvy'
192,positive,Agus-Sylvi,'Mengakui kekalahan, apapun itu tujuannya tapi great applause lah. Patut ditiru untuk demokrasi yang positif #AgusSilvy'
193,positive,Agus-Sylvi,'Salut! @AgusYudhoyono & Mpok Silvy dengan mengakui kemenangan Paslon lain. #agussilvy #Salam2Jari #KitaNKRI #TetapSemangat #PilkadaDKI'
194,positive,Agus-Sylvi,'baru quick count,Ttp kalau hasil kpud benar sampai 2putaran SIAP RAPAT KAN BARISAN SEMUA! SATU KOMANDO! #aniessandi #agussilvy'
195,positive,Agus-Sylvi,'youtu.be/bxrZD69u61A  tenang, bening, ..dan tulus. Mas Agus, mungkin di masa yg akan datang yaa mas.. #apreciate #agussilvy'
196,positive,Agus-Sylvi,'Mari beri masukan & kritik yang membangun bagi yang kalah dalam pertandingan. #PilkadaSerentak2017 #ahokdjarot #agussilvy #AniesSandi'
197,positive,Agus-Sylvi,'Apapun hasilnya kau tetap kebanggaan kami #AgusSilvy'
198,positive,Agus-Sylvi,'Ingat, fokus dan menangkan #AHY #AgusYudhoyono #RakernasDemokrat2017 #DemokratKelilingNusantara @AgusYudhoyono @SBYudhoyono'
199,positive,Agus-Sylvi,'Rakernas Partai Demokrat bersama AHY #ahy #partaidemokrat #lombok #gilitrawangan #mataramâ€_ https://www.instagram.com/p/BTzMrEdliY4/'
200,positive,Agus-Sylvi,'Alhamdulillah.... #AHY tersambut hangat, mesra dan intim di NTB.'
201,positive,Agus-Sylvi,'Ngawal Abang dulu keliling Ampenan #AHY #fkppi #kawal #bodyguard #military #myjob https://www.instagram.com/p/BTySqVcjLv5/'
202,positive,Agus-Sylvi,'Ada apa dengan #AHY knp disetiap acara nya massa membludak?Krn rakyat melihat harapan utk AHY memimpin negara ini dimasa yg dtg. #AHYforAll'
203,positive,Agus-Sylvi,'Kekalahan adalah sukses yg tertunda, bukan untuk disesali tapi dijadikan pengalaman tuk lebih baik lagi di masa depan #AHY'
204,positive,Agus-Sylvi,'Tandatangan petisi Stop Hoax dan Fitnah serta mendukung gerakan Kebebasan Pers tanpa Hoax dan fitnah. #AHY #Demokrat #demokratbersamarakyat'
205,positive,Agus-Sylvi,'#AHY#Demi.Indonesia'
206,positive,Agus-Sylvi,'mestinya ya begitu ya Gus....#AHY negarawan.'
207,positive,Agus-Sylvi,'Demokrat dengan cinta, untuk NKRI, #AHY dan #Demokrat berbakti.'
208,positive,Agus-Sylvi,'#Karanganbungaahok jagoan kalah duluan ...klu gitu #Ahy dong jagoannya bukan ahok'
209,positive,Agus-Sylvi,'#ahy'
210,positive,Agus-Sylvi,'Pesan #AHY jangan lupa gembira dan cinta Indonesia'
211,positive,Agus-Sylvi,'Salam untuk kaum muda. Hormat pada yang tua. #AHY'
212,positive,Agus-Sylvi,'#AHY#TheNextLeader#AHY#AdalahKita'
213,positive,Agus-Sylvi,'Mau jalan di tempat atau berlari menyongsong masa depan dari sekarang? #AHY menyongsong masa depan'
214,positive,Agus-Sylvi,"'Langkah ""Kuda"" Agus Yudhoyono -> https://goo.gl/95ldom  #AHY #SBY #PartaiDemokrat #Pilakada #DKIJakarta'"
215,positive,Agus-Sylvi,'Datang tampak muka pulang tampak punggung. Terima kasih Kepri #DemokratKelilingNusantara #AHY'
216,positive,Agus-Sylvi,'Aku pada #AHY pemimpin muda'
217,positive,Agus-Sylvi,"'#AHY adalah Inspirasi Kaum Muda... ""GERAKAN INDONESIA MUDA"" menuju INDONESIA EMAS'"
218,positive,Agus-Sylvi,'Setia pada #AHY sebab politik Indonesia perlu ada regenerasi yg MATANG agar jgn ada lagi kutu loncat'
219,positive,Agus-Sylvi,'#Setia HinggAHY akhir #Harapan #MasaDepanBangsa @PDemokrat @SBYudhoyono @hincapandjaitan @ranabaja @hariswijaya1975 @Edhie_Baskoro'
220,positive,Agus-Sylvi,'#AHY menyapa #Selamatpagi INDONESIA @PDemokrat @SBYudhoyono @hincapandjaitan @edhiewibowo_55 @Edhie_Baskoro @isari68 @ranabaja'
221,positive,Agus-Sylvi,'#AHY Harapan & masa dpn Bangsa @hincapandjaitan @SBYudhoyono @AgusYudhoyono @PDemokrat @hariswijaya1975 @ranabaja @isari68 @didiklpambudi'
222,positive,Agus-Sylvi,'#Puisi Putri #AHY dan Para Wanita Penginspirasi http://obsessionnews.com/puisi-putri-ahy-dan-para-wanita-penginspirasi/ â€_ #SBY #Demokrat'
223,positive,Agus-Sylvi,'Keren #AHY'
224,positive,Agus-Sylvi,'Wartawan tanya apa u Pilkada 2018 mendatang, Mas @AgusYudhoyono akan ikut? Dijawab Mas #AHY sampai skg belum terpikir u ikut Pilkada lainnya'
225,positive,Agus-Sylvi,'Mas Agus kasih kuliah umum nih #AHY'
226,positive,Agus-Sylvi,"'Kuliah umum ""mahasiswa perspektif untuk masa depan"" #AHY (at UMRAH DOMPAK) â€”'"
227,positive,Agus-Sylvi,'insya allah tidak mendahului Tuhan..bakal ada yg nglamar #AHY ...'
228,positive,Agus-Sylvi,'Hmmmm calon tokoh dunia #AHY'
229,positive,Agus-Sylvi,'Kini #AHY Lebih Gembira'
230,positive,Agus-Sylvi,'Terimakasih kpada pendukung #AHY yang tlah memberikan suaranya kepada @aniesbaswedan | @sandiuno #SemogaAmanah #JakartauntukRakyat'
231,positive,Agus-Sylvi,'bisa dipastikan sebagian besar voter #AHY akhirnya memilih @aniesbaswedan #pilkadaDKI #indonesia #saveNKRI'
232,positive,Agus-Sylvi,'Dan kita tetap #AHY'
233,positive,Agus-Sylvi,'Logikanya pemilih #AHY putaran ke1 dipastikan punya psikologis yang sama dengan pemilih paslon 3, mereka ingin gubernur baru di Jakarta.'
234,positive,Agus-Sylvi,'Suara pemilih #AHY pada putaran ke 1 terlihat memilih paslon no 3 pada puataran ke dua kali ini. Selamat Jakarta punya gubernur baru.'
235,positive,Agus-Sylvi,'Olahraga dulu, AHY datang ke TPS siang hari https://goo.gl/fb/ht6PDZ  #nasional #ahy #datang #dulu #hari #ke #olahraga #siang #tps'
236,positive,Agus-Sylvi,'AHY Bergaya Sporty  ke TPS #AHY #TPS #PilkadaDKI #lampost'
237,positive,Agus-Sylvi,'Saat #PilkadaDKI Putaran Pertama, kita melihat bgm #AHY menunjukkan kelasnya sbg pemimpin yg berbesar hati'
238,positive,Agus-Sylvi,'Setelah sebelumnya tidak pernah peduli #AHY'
239,positive,Agus-Sylvi,'Sebagian kecil pendukung #AHY ada yg dukung Ahok. Basis massa mayoritas kemungkinan lebih pilih Anies. Kunci kemenangan tipis bagi Anies.'
240,positive,Agus-Sylvi,'Bagaimana pun suara Pendukung #AHY akan menentukan kemenangan salah satu Paslon.'
241,positive,Agus-Sylvi,'Semoga pemilih #AHY di putaran 1 di Kebon Kacang dan Kp. Bali beralih ke Anies-Sandi. #JakartaCoblos3'
242,positive,Agus-Sylvi,'Yuk #AHY Fans dukung dan menangkan #GubernurMuslim'
243,positive,Agus-Sylvi,'Bismillah, semoga esok Hari Jakarta memiliki pemimpin yang sesuai tuntunan AlQuran, diridhai Alloh swt'
244,positive,Agus-Sylvi,'bu Sylvi adalah contoh keberanian betawi utk dalam bersikap, ngga ngambang atau banci. Contoh perempuan betawi tulen !'
245,positive,Agus-Sylvi,'saya putaran pertama dukung ibu dan mas agus,, yah lebih baik kalah dengan terhormat daripada menang karena curang'
246,positive,Agus-Sylvi,'Begitu tulus, begitu menyenangkan... Insyaallah ada jalan bu @sylviana_murni'
247,positive,Agus-Sylvi,'#AHY Pemimpin, harapan, masa depan Bangsa. @SBYudhoyono @AgusYudhoyono @Edhie_Baskoro @hincapandjaitan @isari68'
248,positive,Agus-Sylvi,'#ahy terbaik'
249,positive,Agus-Sylvi,'Postingan 28 Januari 2017, meneduhkan. Tetep #AHY'
250,positive,Agus-Sylvi,"'Salam ""Wallahulmuwafiq IlaAqwamithoriq @sandiuno mencerminkan beliau NU sejak itu saya jatuh hati meski waktu itu saya #AHY @AgusYudhoyono'"
251,positive,Agus-Sylvi,'Saya selalu suka dengan orang yang berjiwa besar #AHY'
252,positive,Agus-Sylvi,'@AhyCenter AHY R1 2019.. boleh kalah di Pilgub #AHY @Agus_Yudhoyono'
253,positive,Agus-Sylvi,'WalauPun kau kalah,Kami tetap bangga sekali padamu #AHY,JalanMu masih panjang,Kesuksesan yang lebih baik menantimu Disaat yang tepat.'
254,positive,Agus-Sylvi,'#ahy aku pribadi kagum atas pribadi mu yes #bangga atas sikapmu'
255,positive,Agus-Sylvi,'Prananda Sebut #AHY Demokrat Sejati, Saya Kagum dan Salut  https://goo.gl/fb/8fH7wi  #nasional'
256,positive,Agus-Sylvi,'Waktu itu .... ah sudahlah <Frowning Face> @didienAZHAR: #AHY No. 1 <THUMBS UP> <THUMBS UP> <THUMBS UP>'
257,positive,Agus-Sylvi,'Aku dari dulu Agus Harimurti Yudhoyono Lovers #AHYLovers Dari dulu Annisa Larasati Pohan Lovers  #ALPLovers Bukan mendadak #AHY'
258,positive,Agus-Sylvi,'Terkadang sikap dewasa justru diajarkan oleh yang paling muda <THUMBS UP> <SMILING FACE WITH HEART-EYES> #A1 #AHY  #Awesome'
259,positive,Agus-Sylvi,'Bangga melihat pernyataan #AHY ini. Ksatria.'
260,positive,Agus-Sylvi,'Hayoo siapa aja yang sekarang sibuk hapus2in twit mereka sebelumnya, yang jelek2in #AHY?  <FACE WITH STUCK-OUT TOUNGES> <FACE WITH TEARS OF JOY> '
261,positive,Agus-Sylvi,'#AHY juga bagus programnya mengenai Persija'
262,positive,Agus-Sylvi,'Pingin lihat mas #AHY debat <FACE WITH STUCK-OUT TOUNGES> '
263,positive,Agus-Sylvi,'Wah.diam2 mereka jadi *tersepona dengan pesonanya  #AHY dan akhirnya.. #GagalFokus deh! <FACE WITH STUCK-OUT TOUNGES> #AyoAgusYudhoyono https://Twitter.com/ZaraZ'
264,positive,Agus-Sylvi,'#AHY dukung #HariSantriNasional '
265,positive,Agus-Sylvi,'Dengan kecerdasan, nasionalisme dan jiwa pancasilais yang dimiliki, #AHY bisa dikatakan memiliki Jiwa Santri, walaupun belum pernah mondok'
266,positive,Agus-Sylvi,'Marasa beruntung sekali <SIGN OF THE HORNS> #ahy'
267,positive,Agus-Sylvi,'Walaupun aku pendukung Anies Sandi <OK HAND> Tapi bangga dengan jiwa besar AHY Silvy Masih ada 2019 Prabowo AHY <FOLDED HANDS> <FOLDED HANDS>'
268,positive,Agus-Sylvi,'AHY Sylvi selalu menang dalam hati kami pendukungnya, dengan adanya AHYSylvi membuat panik dan ketar ketir luar biasa di kubu sana  <FOLDED HANDS> <FOLDED HANDS>'
269,positive,Agus-Sylvi,'Kemenangan Anis Sandi  <OK HAND> Adalah Kemenangan AHY Silvy dan Kaum Pribumi <HUGGING FACE> <HUGGING FACE>'
270,positive,Agus-Sylvi,'Masih banyak yang bisa diperbuat AHY Silvy untuk kemaslahatan bangsa ini... '
271,positive,Agus-Sylvi,'benar kata mas #ahy @AgusYudhoyono #AniesTidakKonsisten #boongYa #DebatFinalPilkadaJKT #menolaklupa'
272,positive,Agus-Sylvi,'[HEBOH] Pentolan band Coldplay asal Inggris, Chris Martin, memberikan dukungan pada pasangan Agus-Sylvi #AHY di Pilkada Jakarta 2017.'
273,positive,Agus-Sylvi,'#SekjenPartaiDemokrat@HincaPandjaitan: DiskusiPolitik&Bola Kami akan turunkan yang Terbaik untuk NKRI Kedepan #AHY@WeAreTheNextLeader#'
274,positive,Agus-Sylvi,'Karena politik adalah bagian dari kehidupan... meski jangan terlalu banyak <Smiling Face With Smiling Eyes>'
275,positive,Agus-Sylvi,'#Djarot Apresiasi #AHY Relakan Relawannya Dukung #Ahok <Clapping Hands> <Clapping Hands> http://merahputih.com #merahputih #Indonesia #Jakarta #PilgubDKI #2017'
276,positive,Agus-Sylvi,'Kemenangan yang tertunda. Belajar dari segala kekalahan.Pernyataan yang bijaksana #AHY'
277,positive,Agus-Sylvi,'Politik santun dan bermartabat. <FOLDED HANDS> #AHY'
278,positive,Agus-Sylvi,'Heboh, AHY muncul dengan penampilan baru @AgusYudhoyono http://beritahati.com #BERITAHATI #heboh #ahy #baru #tampilan #pilkada #nasional'
279,positive,Agus-Sylvi,'Gunawan dan Freely anggota DPRD Talaud ini mau pasang spanduk AHY di perbtasan Indonesia-Filipina. Lanjutkan'
280,positive,Agus-Sylvi,'[ A H Y ] untuk semua ! . . . . . . . . #AHY #AHY4all #AHYforAll #AHYhargaMati #TNI… https://www.instagram.com'
281,positive,Agus-Sylvi,'yang buat polling mbak, kami terbuka pemilih #AHY secara pribadi untuk bergabung, karena mbak bukan pengambil keputusan di timses <Smiling Face With Smiling Eyes>'
282,positive,Agus-Sylvi,'Sambutan hangat buat pendukung #AHY yang mau bergabung dengan kami <Smiling Face With Smiling Eyes> <FOLDED HANDS>'
283,positive,Agus-Sylvi,'12. #AHY dan SBY di puji dan dibela tanpa mereka merasa malu dan merasa bersalah demi mengharapkan dukungan politik dan massa demokrat! '
284,positive,Agus-Sylvi,'diberi nikmat bersyukur, diberi ujian bersabar.. selamat malam semuanya.. <Face Blowing a Kiss> <Face Blowing a Kiss>'
285,positive,Agus-Sylvi,'Bangga menjadi bagian dari perjuangannya <Face Blowing a Kiss> <Face Blowing a Kiss> #AHY'
286,positive,Agus-Sylvi,'Jiwa besarnya teladan bagi kita semua... <Oncoming Fist>  <Oncoming Fist>  <Face Blowing a Kiss>'
287,positive,Agus-Sylvi,'Saya juga dan tidak pernah nyesal dukung beliau <Face Blowing a Kiss> <Face Blowing a Kiss> malah bngga sekali kehadirannya di Republik ini #AHY'
288,positive,Agus-Sylvi,'Pemimpin muda masa depan #AHY  <Raising Hands> <Raising Hands> <Raising Hands>'
289,positive,Agus-Sylvi,'Siapapun pemenang nya AHY tetap no 1 dan selalu dihati <Smiling Face With Open Mouth & Closed Eyes> <Smiling Face With Open Mouth & Smiling Eyes> <Smiling Face With Smiling Eyes> <Face Savouring Delicious Food> <Kissing Face With Closed Eyes> <Face Blowing a Kiss> <SMILING FACE WITH HEART-EYES>  @agusyudhoyono #AHY #ahy… https://www.instagram.com'
290,positive,Agus-Sylvi,'Saya yakin rencana dan keputusan Allah selalu benar dan selalu lebih baik dari keputusan manusia. <Smiling Face With Smiling Eyes> <Smiling Face With Smiling Eyes> #AHY'
291,positive,Agus-Sylvi,'Mas #Agus Tetap Semangat . Pendukung #Ahy Jangan Tidur . #Basuki Maju Terus InsyaAllah Menang'
292,positive,Agus-Sylvi,'keikhlasan berkorban #AHY tak bakal sia2 non'
293,positive,Agus-Sylvi,'@AgusYudhoyono tetep semangat mendharma baktikan jiwa dan raga untuk negeri ini  <Smiling Face With Smiling Eyes> <Smiling Face With Smiling Eyes>  #ahy #wpap #art'
294,positive,Agus-Sylvi,'AHY, Mundur Selangkah Untuk Melompat Tinggi   https://goo.gl/2LMaBG  #News #AHY'
295,positive,Agus-Sylvi,'Semua tetap berharap pada #AHY. Semoga semakin bersinar. Aamiin! <Smiling Face With Smiling Eyes> <Smiling Face With Smiling Eyes>'
296,positive,Agus-Sylvi,'Jika sudah waktu nya, akan datang untuk nya ... #AHY'
297,positive,Agus-Sylvi,'Membaca Strategi Politik SBY dalam Pencalonan Agus Yudhoyono #AHY'
298,positive,Agus-Sylvi,'Nunggu skenario selanjutnya..... #AHY'
299,positive,Agus-Sylvi,'Jangan kira skenario AHY cuma untuk menang Pilgub saja? AHY sudah pikirkan matang skenario jika kalah. Kalah pun dia menang sejatinya. <Smiling Face With Smiling Eyes> <Smiling Face With Smiling Eyes>'
300,positive,Agus-Sylvi,'Bukan kah #AHY sdh menunjukkan Jiwa besar dalam hasil Pilkada yang sulit, sungguh tidak sulit untuk deklarasi ini'
301,negative,Ahok-Djarot,'Catat, Warga DKI Bakal Segera Merasa Kehilangan Ahok #PilkadaDKI2017'
302,negative,Ahok-Djarot,'Kalau saja #AhokMenang dalam #PilkadaDKI2017 maka jelas warga DKI cukup cerdas, tak mudah diprovokasi isue SARA, tapi kok..#GombalinAhok'
303,negative,Ahok-Djarot,'Hari ini kalah di #pilkadadki2017 , besok kalah dipengadilan. #penjarakanahok'
304,negative,Ahok-Djarot,'Sedih, kehilangan sosok gubenur yang jujur dan pekerja keras untuk melayani warganya.@basuki_btp #pilkadadki2017 #AhokKalah'
305,negative,Ahok-Djarot,'Ahok Kalah Telak Diseluruh TPS yang Berada di Wilayah FPI https://goo.gl/fb/KzryMF  #seruji #fokus #pilkadadki2017'
306,negative,Ahok-Djarot,'Ahok Menang Tipis di TPS Tempat Habib Rizieq Mencoblos https://goo.gl/fb/4FdYTd  #seruji #fokus #pilkadadki2017'
307,negative,Ahok-Djarot,'Langsung deh, cuitan curang lah, black campaign lah, nongol.. Katanya legowo, itu demokrasi bukan namanya hahaa #pilkadadki2017'
308,negative,Ahok-Djarot,'Hasil TPS RT 011/010 RW 002 di kelurahan Pela Mampang saya sedih lihatnya. #pilkadadki2017 #ahokdjarot'
309,negative,Ahok-Djarot,'#pilkadadki2017 masa tenang aja masih ada yang curang, apalagi pemilihan yaa hati2 aja, awasin tuh yang kemarin ketahuan bagi2 sembako'
310,negative,Ahok-Djarot,'Tidak akan diberi petunjuk orang-orang zalim. Tetap HARAM pemimpin kafir. #PilkadaDKI #pilkadadki2017 #IslamRahmatanLilAlamin'
311,negative,Ahok-Djarot,'Jangan harap Jakarta bebas korupsi kalau suaramu saja masih bisa dibeli #muslimvotemuslim #OTTSembakoAhok #pilihanmumasadepanmu #pilkadadki2'
312,negative,Ahok-Djarot,'Syukur, lembar C6 sudah di tangan. Tidak sabar mau colok matanya Ahok. #PilkadaDKI2017'
313,negative,Ahok-Djarot,'Penista Agama #ahok'
314,negative,Ahok-Djarot,'#Sembako itu kan rejeki #ahoker , kasihan mereka yang sudah dukung #ahokdjarot tapi tidak dapat #sembako . #pilkadadki2017.'
315,negative,Ahok-Djarot,'Ahokers tukang plintir...lihat nehh!! @basuki_btp @AhokDjarot @WagubDKI @VivaRevolusi @tempodotco @republikaonline #PilkadaDki2017'
316,negative,Ahok-Djarot,'#SelamatHariSembako kepada warga #Jakarta yang merayakannya. Terima sembakonya, jangan pilih pemberinya. #pilkadadki2017 @GunRomli @sahaL_AS'
317,negative,Ahok-Djarot,'Tidak rumit membedakan antara yang hitam dan putih dalam #PilkadaDKI2017 Sangat jelas siapa yang paling doyan gaduh'
318,negative,Ahok-Djarot,'Harus dan pasti Gubernur baru... Yang lama udah bosan #pilkadadki2017'
319,negative,Ahok-Djarot,'Kalau saya warga DKI, maka saya akan ikut pesan Rasulullah SAW untuk menyerahkan segala sesuatu pada ahlinya. #pilkadadki2017 cc @PartaiSocm'
320,negative,Ahok-Djarot,'Kalau Ahok lawannya Djarot, aku mungkin pilih Djarot karena memang Ahok perlu belajar lebih baik mengenai humas dan diplomasi #PilkadaDKI201'
321,negative,Ahok-Djarot,'#Apakah ini hoaks Ingat, Muktamar NU Sudah Wajibkan Nahdliyin Pilih Pemimpin Muslim #PilkadaDKI2017'
322,negative,Ahok-Djarot,'Jangan biarkan ini terjadi!! #Gue2 #BaDjaUntukJakarta #pilkadadki2017'
323,negative,Ahok-Djarot,'#Djarot Beberkan Kronologi Pengusiran Dirinya Setelah Sholat Jumat http://bit.ly/2pgp5M1 #AhokDjarot #PilkadaDki2017'
324,negative,Ahok-Djarot,'Hanya iblis yang ingin menghalang-halangi manusia yang mau beribadah di masjid. Tetap semangat ya pak Djarot...!! #garagaraPILKADA #pilkadaD'
325,negative,Ahok-Djarot,'Dilarang Pilih Cagub Nonmuslim? Habib: Pilih Djarot! #PilkadaDKI2017'
326,negative,Ahok-Djarot,'Aneh dan makin aneh.. Sesama umat sendiri di usir #PILKADA #pilkadadki2017'
327,negative,Ahok-Djarot,'bagi2 sembako gratis tim @basuki_btp itu melanggar Pasal 73 Ayat 1 UU No.10 Thn 2016 #pilkadadki2017'
328,negative,Ahok-Djarot,'MUI Sesalkan Pemberian Gelar Sunan untuk Ahok http://dlvr.it/NtX57V  #Nasional #MUI #PilkadaDKI2017'
329,negative,Ahok-Djarot,'kemungkinan yang saya lihat, #Ahok kalah di #pilkadadki2017 lebih besar daripada menang.'
330,negative,Ahok-Djarot,'Pengamat: Polisi Terkesan Berpihak Pada Ahok https://goo.gl/fb/lcnUH2 #seruji #fokus #pilkadadki2017'
331,negative,Ahok-Djarot,'Kubu BaDja Sindir Anies Soal Spanduk Jakarta Bersyariah - #PilkadaDki2017 #Ahok-Djarot #AniesBaswedan #Ahok #Jakarta'
332,negative,Ahok-Djarot,'http://youtu.be/NkMX90Am3aY  Virall.bocah ini injak2 baju kotak2 karena merasa kecewa #WINGSTourInJakarta #pilkadadki2017 #FreeAhok'
333,negative,Ahok-Djarot,'Turun pangkat saja @ahok, Jakarta tidak butuh penista agama seperti kamu iya kamu'
334,negative,Ahok-Djarot,'Mulut #ahokers semakin jorok itu pertanda suara Anies semakin kuat di #pilkadaDKI2017 #YangBikinBerantem'
335,negative,Ahok-Djarot,'Jika PKB dukung #AhokPenistaAgama di #PilkadaDKI2017 putaran ke2 maka siap-siap saja ditinggalkan pemilih umat Islam di pemilu 2019.'
336,negative,Ahok-Djarot,'Waduh! , Ahok-Djarot Gunakan APBD Untuk Alat Kampanye Putaran Kedua http://dlvr.it/NTY5vW'
337,negative,Ahok-Djarot,'Sedihnya hari ini, Indonesia hanya sebatas Jakarta, Bhinneka hanya sebatas soal Ahok semata #SaveJakarta #SaveNKRI #1000lilin #AhokDjarot'
338,negative,Ahok-Djarot,'Pak Djarot menangis, @addiems pimpin #NyanyianUntukAhok. Ada apa ya? Cek http://goo.gl/7iUqa0  #AhokDjarot #BalaiKota #VisuallyYours'
339,negative,Ahok-Djarot,'Kami sangat rasa kehilangan bapak ahok #ahok #ahokdjarot #teman #temanahokfair #temanahok https://www.instagram.com/p/BT8dsSfhP3L/'
340,negative,Ahok-Djarot,'Ohh jadi mereka itu tertib karena #AhokDjarot ya, terus ada gub baru mereka tidak tertib lagi'
341,negative,Ahok-Djarot,'Kafirrrrrr dan menista ya??!#SaveAhok #RIPJUSTICEINDONESIA #Ahok #AhokDjarot â€” iqra, iqra, iqra !!! http://www.nu.or.id'
342,negative,Ahok-Djarot,'Lihat raut wajah bpk Djarot bikin miris. Sabar & kuatkan @AhokDjarot @basuki_btp #IndonesiaBerkabung #AhokDjarot'
343,negative,Ahok-Djarot,"'Remuk, negara nyata dalam ""pembohongan"". Sangat nyata.... masih belum terasa? Sejak dulu dan saat ini. Mulai Pakai OTAK. #Ahok #AhokDjarot'"
344,negative,Ahok-Djarot,'Orang2 tidak tahu diri.Ikut pakai sarana umum tapi hina gubernurnya sendiri! #riphukum #RIPJusticeInIndonesia #AhokDjarot #AhokIsHope'
345,negative,Ahok-Djarot,'Remuk hatiku lihat Beliau  #riphukum #RIPJusticeInIndonesia #freeahok #AhokDjarot #Ahok #AhokIsHope'
346,negative,Ahok-Djarot,'Ya beginilah politik Indonesia jaman sekarang.. Menyedihkan!! #riphukum #RIPJusticeInIndonesia #freeahok #AhokDjarot #Ahok #AhokIsHope'
347,negative,Ahok-Djarot,'Mental Tempe jadi benci Hukum Indonesa, mental BadJa terus berjuang. #indonesia #indonesiasatu #pancasila #AhokDjarot #AhokIsHope #Ahok'
348,negative,Ahok-Djarot,'Kematian hukum kebenaran di Indonesia #saveahok #ripjusticeindonesia #ahokdjarot #RIPJUSTICEINDONESIA #tegakkankebenaran'
349,negative,Ahok-Djarot,'Ada tangis sedih Pak Djarot pd #ParadeNyanyianUntukAhok yg dipimpin @addiems di Balai Kota. Cek http://goo.gl/7iUqa0  #AhokDjarot'
350,negative,Ahok-Djarot,'Lebih mulia buruh di Sidoarjo dari pada buruh yang demo dan bakar2 karangan bunga pemberian masyarakat untuk pak #AhokDjarot'
351,negative,Ahok-Djarot,'habiburokhman sindir #Ahok via #puisi #Sembako http://obsessionnews.com #AniesSandiGubernurKita #AhokDjarot #Aniesâ€_ https://twitter.com'
352,negative,Ahok-Djarot,'Buahahahhaha!! Emang siapa yang merayakan? Bisa gak pendukungmu merayakan tanpa di bayar? #AhokDicintaiRakyat #AhokDjarot #Ahok @detikcom'
353,negative,Ahok-Djarot,'#ahokdjarot #kpudkijakarta #sumarmo Saksi Ahok-Djarot Tolak Tandatangani Rekapitulasi Suara Pilkada http://dlvr.it/P1dBNY'
354,negative,Ahok-Djarot,'Bagaimana dengan #AhokDjarot Pak @jokowi ? Mereka, khususnya #Ahok di abused tiap hari oleh kaum Islamist radicals'
355,negative,Ahok-Djarot,'DEDDY CORBUZIER SINDIR KARANGAN BUNGA AHOK. #indoharian #ahok #djarot #ahokdjarot #karanganbunga #DKI #Jakarta #DKIJakarta #memepolitik'
356,negative,Ahok-Djarot,"'Bawa #Ganja, #Polisi Ciduk #Penyanyi Pro #Ahok http://obsessionnews.com #AhokDjarot #iwak #anies #AniesSandi #PilkadaDKI #pilkadajakarta	'"
357,negative,Ahok-Djarot,'Takjub sebegitu besarnya cinta warga DKI pada #AhokDjarot , geli sama kalimat-kalimat dalam #karanganbungaahok .'
358,negative,Ahok-Djarot,'Yah namanya juga manusia, suka khilaf. Yang paling disayang A...yang diajak buat komitment B, paling ujung-ujungnya nyesel. #AhokDjarot'
359,negative,Ahok-Djarot,'Salah satu faktor kekalahan kita adalah kurang kompak dalam memukul balik isu agama #AhokDjarot'
360,negative,Ahok-Djarot,'#AhokDjarot, untuk yang menang kerja aja dulu jangan banyak nuntut. Belom belom kok banyak maunya. #Jakarta #tanyakenapa'
361,negative,Ahok-Djarot,'Enak sih nanti gubernur baru ini tinggal terima rapi #semangat #AhokDjarot'
362,negative,Ahok-Djarot,'Bukti #AhokDjarot ..begtiu dicintai warganya,,Namun kalah terhornat karna Kelicikan yang menjijikan dari Lawanya..'
363,negative,Ahok-Djarot,'Makin stress! Dipikiran @fadlizon cuma duit, itung : 4000 bunga x Rp 200.000 udah berapa dananya?? Tapi cinta ke #AhokDjarot melebihi materi'
364,negative,Ahok-Djarot,'saya sarankan @fadlizon di DPR bikin PANSUS KARANGAN BUNGA atau undang LSM untuk bentuk TIM PENCARI FAKTA KARANGAN BUNGA dari pada jadi gila'
365,negative,Ahok-Djarot,'#karanganbunga #karanganbungaahok #ahokdjarot Karangan Bunga yang Sindir Ahok - Djarot Dirusak http://dlvr.it/P0pJTx'
366,negative,Ahok-Djarot,'seBentar lagi pada komen apa nih Mas ? Settingan ? Pencitraan ? Apa disuruh Ahok lagi ? Hahaha #AhokDjarot'
367,negative,Ahok-Djarot,'Kita gembira atas bunga2 buat #AhokDjarot kaga juga bahas2 soal A&S tapi kenapa yang benci tetep fokus sama #Badja yaaa? Perhatian kalian'
368,negative,Ahok-Djarot,'Para pendukung yang menang pada stres ni ya melihat Kembang ke AhokDjarot, Hati Rakyat tidak bisa dibohongi MENANGLAH KARENA MENANG.'
369,negative,Ahok-Djarot,'Mungkin seperti ini ya rasanya dipaksa putus,lantas dikawin paksa sama bandot bini 5.susah move on-nyah. #pilkadajakarta #AhokDjarot'
370,negative,Ahok-Djarot,"'kira kira kalau karangan bunga ahok-djarot nyasar ke rumah anis, orang orang bakal ngomong apa ya? #AhokDjarot #orangkokbisanyinyirbgt	'"
371,negative,Ahok-Djarot,'Tidak masuk MURI? Mungkin bisa diusulkan masuk @gwr #AhokDjarot #badja #indonesiahebat'
372,negative,Ahok-Djarot,'Wah galon #AdaAQUA nya banyak pak.. Saingan ni ye sama bunganya pak #AhokDjarot'
373,negative,Ahok-Djarot,'dalam catatan sejarah dunia baru cuma #AhokDjarot yang kalah kebanjiran bunga #AhokRekorMuri'
374,negative,Ahok-Djarot,'Hati hati komentar tentang #AhokDjarot #kalahpilkada, ujung2nya anda dituduh NYINYIR'
375,negative,Ahok-Djarot,'Tukang karangan bunga yang tidak pilih ahok apa masih terima orderan masa mau buatin bunga buat orang kapir #karanganbungaahok #AhokDjarot'
376,negative,Ahok-Djarot,'Jakarta tanpa pak ahok @basuki_btp bagaikan bis tanpa om telolet om...#GombalinAhok #AhokDjarot #AhokForNobel'
377,negative,Ahok-Djarot,'Yang dilantik Oktober nanti bisa kayak gini gak #AhokDjarot #AhokMandiKembang'
378,negative,Ahok-Djarot,'Yang menang pilkada itu #AniesSandi yg kebanjiran ucapan selamat dan karangan bunga #AhokDjarot - fenomena alam'
379,negative,Ahok-Djarot,'Kiriman bunga ke #AhokDjarot 2.600 mereka masih nyinyir.... kalau sudah 7 juta mereka pasti pingsan semua'
380,negative,Ahok-Djarot,'#KaranganBungaAhok biarlah mereka menghibur diri...wkkwwkkwk. #AhokDjarot #ahokbali1'
381,negative,Ahok-Djarot,'Banyak yang mulai SAKIT JIWA karena warga lebih cinta #AhokDjarot. #karanganbungaahok #GombalinAhok Kamis  #LawanSekulerRadikal'
382,negative,Ahok-Djarot,'#AhokDjarot kalahpun masih juga jadi sasaran kreator hoax'
383,negative,Ahok-Djarot,'Daripada kirim karangan bunga, mending bikin acara bagi bagi sembako #AhokDjarot #kalahpilkada'
384,negative,Ahok-Djarot,'Ahok bukan penista agama tapi dinistakan oleh orang yang mengaku beragama #AhokDjarot'
385,negative,Ahok-Djarot,'Yang di dalam balaikota Seperti di Dalam museum di Paris yang mau moto lukisan monalisa... #ahokdjarot #AhokDicintaiRakyat #savejakarta'
386,negative,Ahok-Djarot,'Menit ke 1:51 sedih banget huhuhu... IBU itu sama bapaknya nangis, #AhokDjarot #savejakarta'
387,negative,Ahok-Djarot,'Haha.. Kayaknya sebentar lagi ada banyak bunga tandingan nih #AhokDjarot'
388,negative,Ahok-Djarot,'saran aja pak, biarkan kalo masih ada aja yang ngiri, bapak nganan aja Takut bikin macet kalo bapak ikutan ngiri #AhokDjarot'
389,negative,Ahok-Djarot,'Stress, guberner yang didukung tidak diharapkan sama warga Jakarta... #AhokDjarot #savejakarta'
390,negative,Ahok-Djarot,'Gak murah nih ! , jika Ahok bukan Gubenur kesayangan warga Jakarta, emang siapa mau buang2 duit untuk beginian? #AhokDjarot'
391,negative,Ahok-Djarot,'Ya ampun Pak, rasanya kok sesek yah dada ini ngelawan bangsa sendiri..... Apalagi masalahnya issue sara... #AhokDjarot tak terganti'
392,negative,Ahok-Djarot,'Karangan bunga yang dikarang-karang untuk #AhokDjarot, sungguh kegilaan pasca kegilaan tuntutan JPU kasus #AhokPenistaAgama'
393,negative,Ahok-Djarot,'Apakah KAFIR itu TIDAK Berlaku lagi JIKA .....???? #ask #AhokDjarot #aniessandimenang'
394,negative,Ahok-Djarot,"'Untuk pembenci pak basuki >""Benci boleh, goblok jangan""< #AhokDjarot #badja'"
395,negative,Ahok-Djarot,'Pengamat: Cara yang Digunakan untuk Jungkalkan Ahok-Djarot Mirip Strategi ISIS http://bit.ly/2qd9w4e  #AhokDjarot'
396,negative,Ahok-Djarot,'yang simpatik aja segini, yang ga simpatik seberapa yak #ahok4RI #ahokdjarot'
397,negative,Ahok-Djarot,'Lambang matinya akal waras di Indonesia, ketika fitnah mengendalikan kita #Ahok #ahoktumbang #pilkadajakarta #AhokDjarot'
398,negative,Ahok-Djarot,'#AhokDjarot membuktikan bahwa tak selamanya mantan itu digantikan dengan yang lebih baik #mantanterindah #akakakakakk #maapnyampah'
399,negative,Ahok-Djarot,'Kajian ini gue liat pake perspektif netral loh ya. Coba lah kalo ngomong dipikir #AhokDjarot'
400,negative,Ahok-Djarot,'Sederhana aja kan? Ya orang yang mempertanyakan soal susah move on berarti cuma yang sok skeptis dan tim kontra Ahok #AhokDjarot'
401,negative,Ahok-Djarot,'#DebatFinalPilkadaJKT #AhokDjarot #jakartakerja Debat kok beretorika, program kok berwacana... Yang adil tidak korupsi sajalah'
402,negative,Ahok-Djarot,'Ancam Polisikan, Sutradara Video Rasis Kampanye Ahok-Djarot Minta Bayaran Sesuai Kontrak https://goo.gl/lwg3Ai  #News #AhokDjarot'
403,negative,Ahok-Djarot,'Di penutup, Paslon mengucapkan permintaan maaf. #AhokDjarot Melakukannya dengan baik. #AniesSandi kok minta maafnya gitu..?'
404,negative,Ahok-Djarot,'Saya mau protes kenapa ada iklan yang macet-macet saat streaming #AhokDjarot #Badja https://www.instagram.com/p/BSyhNL4Fph5/'
405,negative,Ahok-Djarot,'Menata jakarta bukan menata Kata-kata! #debatpilkadaDKI #gw2'
406,negative,Ahok-Djarot,'#pilkadadki2017 pilkada dki 2017 itu sangat rasis dan agamis. Buktinya ras china pilih ahok 100% dan pemeluk kristen pilih ahok 100%'
407,negative,Ahok-Djarot,'Lholho ini kenapa pendukung ahok, DP 0% teruntuk kaum dhuafa, situ kan uangnya sudah banyak. <Bomb>  #DP0% #AhokKeok #PilkadaDKI #pilkadadki201'
408,negative,Ahok-Djarot,'dulu #Jakarta tidak pernah terpecah belah, tapi sejak ada orang asing #jakarta terpecah <Broken Heart>  #AkuCoblosAniesSandi #pilkadadki2017 #PilkadaDK'
409,negative,Ahok-Djarot,'Ha-ha-ha. sUdah tidak adil nih bangsa. Kalian masih mau milih no 2? Cina? Hah? <Speak-No-Evil> #AkuCoblosAniesSandi #PilkadaDKI #pilkadadki2017'
410,negative,Ahok-Djarot,'Tidak akan diberi petunjuk orang-orang zalim. Tetap HARAM pemimpin kafir.  <Fire> <Fire> #PilkadaDKI #pilkadadki2017 #IslamRahmatanLilAlamin '
411,negative,Ahok-Djarot,'Jangan sampai allah mengAzab kalian wahai orang2 muslim yang memilih pemimpin kafir <High Voltage> <High Voltage> #pilkadadki2017 #PilkadaDKI'
412,negative,Ahok-Djarot,'Saya tidak bisa move on sampai sekarang lihatin Ahok + Djarot kalah <Slightly Frowning Face>'
413,negative,Ahok-Djarot,'Masih baper tentang Ahok-Djarot <Disappointed Face>'
414,negative,Ahok-Djarot,'Bukan untuk memenangkan Anies-Sandi, tetapi untuk mengalahkan Ahok-Djarot. Tarik kesimpulannya sendiri yep'
415,negative,Ahok-Djarot,'Sembako Murah Ala Timses Ahok-Djarot Langgar UU Pemilu http://m.viva.co.id  Suap suara model begini, menghina kecerdasan warga..'
416,negative,Ahok-Djarot,'Kok rasa2nya Ahok-Djarot bakal kalah ya.. Gerakan dan tindakan paslon 3 gencar dan mengerikan. <Face Screaming in Fear> <Face Screaming in Fear>'
417,negative,Ahok-Djarot,'Itu yang ngomong jangan pilih Ahok Djarot pernah merasakan banjir tidak sih? <Pouting Face>'
418,negative,Ahok-Djarot,'Dulu mereka bilang #AHY cagub #FPI sekarang #Anies cagub #FPI. Intinya #Ahoker buta peta politik <Zipper-Mouth Face>'
419,negative,Ahok-Djarot,'tolong bapak gubernur knp sampai saat kjp anak saya tidak turun juga sudah hampir 4 bulan menjelang pilkada Dki sampai sekarang <Confused Face>'
420,negative,Ahok-Djarot,'KAFIR Tetap HARAM pemimpin kafir. #PilkadaDKI #pilkadadki2017 #IslamRahmatanLilAlamin  <Fire> <Fire>  <Fire> <Fire>'
421,negative,Ahok-Djarot,'#Djarot Beberkan Kronologi Pengusiran Dirinya Setelah Sholat Jumat http://bit.ly/2pgp5M1  #AhokDjarot #PilkadaDki2017'
422,negative,Ahok-Djarot,'Awas serbuan warga wahabi dari bogor dan depok #JakartaberAswaja #SJPKB #pilgubDKI #JakartaPunyaSemua @kpudki https://news.detik.com'
423,negative,Ahok-Djarot,'Dipecat jadi menteri ,, gimana mau jadi gubernur? #no2 #pilihAhok #AhokDjarotDiRosi #Ahok #AhokDjarot #jangansalahpilih'
424,negative,Ahok-Djarot,'Kuota @aagym lagi habis makanya tidak mengikuti berita @Warta_MUI @mata #indonesia #pilkadaDKI #AniesSandi #voteahok #ahokdjarot'
425,negative,Ahok-Djarot,'@bank_dki ikut2an #moneypolitic untuk kemenangan #ahokdjarot ??  <See-No-Evil Monkey>  @ojkindonesia'
426,negative,Ahok-Djarot,'Kalo bete ama M Taufik boleh pilih #AhokDjarot nggak kak? Soooo PASTIIII !!! <Face With Steam From Nose> <Face With Steam From Nose> <FACE WITH TEARS OF JOY> <Smiling Face With Open Mouth & Smiling Eyes> <FACE WITH TEARS OF JOY> <grining face with smile eye> <Victory Hand> #JanganTakutPilih2 #PilihBaDja'
427,negative,Ahok-Djarot,'#AhokDjarot anti korup..kinerja kerja nyata.. Kebersihan Tata ruang kota.. Jakarta..makin baik?  <Weary Face>  <Weary Face>'
428,negative,Ahok-Djarot,'Diberbagai survei, debat dimenangkan paslon no 3 nih. #Aniesbaswedan #AhokDjarot'
429,negative,Ahok-Djarot,'Memilih paslon no 3 yang pernah gagal menjalankan tugas sebelumnya adalah melecehkan akal sehat. #AhokDjarot'
430,negative,Ahok-Djarot,"'mendadak santun & toleran gini <Zipper-Mouth Face> <Zipper-Mouth Face> <Zipper-Mouth Face> ....bukan gara"" deket tgl 19 April kan ? <FACE WITH TEARS OF JOY> <FACE WITH TEARS OF JOY> <FACE WITH TEARS OF JOY> #indonesia @Metro_TV #voteahok #ahokdjarot #ahok'"
431,negative,Ahok-Djarot,'@aniesbaswedan kemarin bilang tidak setuju syariah . lah ini apa ?? #indonesia #badja @nu_online #ahokdjarot #pilkadaDKI @MataNajwa'
432,negative,Ahok-Djarot,'#TolakJakartaBersyariah #TolakJakartaBersyariah #TolakJakartaBersyariah #TolakJakartaBersyariah @LintangChrezL @Hit_DX @ChajanJr @arifinp76'
433,negative,Ahok-Djarot,'apa yang kamu mau perangi kalau faktanya benar, yang ada pengikutmu cuma bisa caci maki saja #indonesia #bubarkanFPI #badja #ahokdjarot #mat'
434,negative,Ahok-Djarot,'Rizieq minta pengikutnya untuk TERNAK AKUN disosmed. jadi jangan heran kalau akun twitter tiba2 diserbu PASUKAN CACI MAKI  <grining face with smile eye> <Face Screaming in Fear> <Face Screaming in Fear>'
435,negative,Ahok-Djarot,'Wasekjen MUI Nilai Video Kampanye Ahok-Djarot Suduntukan Umat Islam https://goo.gl/vrIZIy  #News #AhokDjarot'
436,negative,Ahok-Djarot,'Kasih Iming-iming KJL kepada Orangtua, Ahok-Djarot Diminta Jangan Menipu Lansia https://goo.gl/L2e0Wn  #News #AhokDjarot'
437,negative,Ahok-Djarot,'Tidak usah mikir coblos sebelah kiri #ahokdjarot <FACE WITH STUCK-OUT TOUNGES> <FACE WITH STUCK-OUT TOUNGES> <Victory Hand>'
438,negative,Ahok-Djarot,'Video Kampanye Ahok-Djarot Telah Hancurkan Kebhinekaan https://goo.gl/ZrUI0G  #News #AhokDjarot'
439,negative,Ahok-Djarot,'SAAT ALIEN MENYERANG INDONESIA http://www.triandry.com #pertempuranakhirjawarajkt #deklarasippp #rompiskasmaran #ahokdjarot #aniessandi'
440,negative,Ahok-Djarot,'Lulung nyampah jadi timses anies sandi gara gara takut kena semprot ahok <FACE WITH TEARS OF JOY> #AhokDjarot <FACE WITH STUCK-OUT TOUNGES>'
441,negative,Ahok-Djarot,'@KataAhok #ahok #Ahokdjarot @AhokDjarot  @TetapAhokDjarot  #3ya3 memang pilpres sabang sampai merauke? https://youtu.be lewat @YouTube'
442,negative,Ahok-Djarot,'Mentang mentang nama belakangnya sama, mau ambil keuntungan saja. Yang Novel iya yang Anies gak #AhokDjarot #pilgubDKI'
443,negative,Ahok-Djarot,'#AhokDjarot mencari orang pintar buanyak di Jakarta. Mencari orang yang jujur anti korupsi suka bekerja keras...itu yang sulit.'
444,negative,Ahok-Djarot,'Kampanyenya ngomong program ini program itu, jadi mentri aja dipecat <FACE WITH TEARS OF JOY> mending liat yang udah ada hasil kerja ada deh #AhokDjarot'
445,negative,Ahok-Djarot,'Timses anies ngomongnya sok kayak motivator, udah ahok terbaik kok jadi gubernur. Liat hasil kerjanya aja deh #AhokDjarot'
446,negative,Ahok-Djarot,'pantes banyak polling dihapus, kalau yang menang polling #AhokDjarot pasti DIBESAR2KAN, ditayangkan 25x dalam sehari dimetrotivi <FACE WITH TEARS OF JOY> <FACE WITH TEARS OF JOY> <FACE WITH TEARS OF JOY>'
447,negative,Ahok-Djarot,'Buzzer #AhokDjarot galau, semua survei dan polling memenangkan #AniesSandi Invoice bakal tak dibayar nih!  <FACE WITH STUCK-OUT TOUNGES>'
448,negative,Ahok-Djarot,'@aniesbaswedan omonganmu tidak cocok dengan fakta <Thumbs Down> <Thumbs Down>@MataNajwa @Metro_TV #pilkadaDKI #voteahok #badja  @nu_online #ahokdjarot #DKI'
449,negative,Ahok-Djarot,'#AhokDjarot unggul dalam memainkan isu dan strategi. Apalagi dalam isu sara, serta matang dalam mengelola Strategi Musuh.  <FACE WITH STUCK-OUT TOUNGES>'
450,negative,Ahok-Djarot,'nasi bungkus terdeteksi #ahokdjarot'
451,positive,Ahok-Djarot,'PDI-P perkuat kemenangan Ahok-Djarot #pilkadaDKI2017.'
452,positive,Ahok-Djarot,'Inilah pemenang #PilkadaDKI2017 yang sesungguhnya. Mereka harus mengalah agar Jakarta tidak pecah oleh politik sara yang brutal dari pihak'
453,positive,Ahok-Djarot,'Hujan Sembako dari Ahok-Djarot Jadi Sedekah bagi Anies-Sandi #PilkadaDKI2017'
454,positive,Ahok-Djarot,'Dalam hitungan saya, pemenang sesungguhnya dalam #PilkadaDKI2017 adalah #AhokDjarot, tapi mereka harus mengalah untuk kepentingan nasional.'
455,positive,Ahok-Djarot,'terima kasih pak ahok  @basuki_btp #pilkadadki2017'
456,positive,Ahok-Djarot,'Sempat terkejut karena Bapak Ahok kalah dalam versi Quick Count #pilkadadki2017. Tidak apa-apa, tetep keren terus ya pak! Tetap menginspiras'
457,positive,Ahok-Djarot,'Jadi serahkan semua takdir kehidupan kepada Tuhan, kita hanya menjalankan sebaik mungkin. Bukan begitu pak @basuki_btp #pilkadadki2017'
458,positive,Ahok-Djarot,'Trimakasih pak @basuki_btp atas kinerja bapak degan pak djarot dalam memimpin dki. #pilkadadki2017'
459,positive,Ahok-Djarot,'Melihat para @temanAhok, harapan itu kembali hidup. Mereka akan jadi ahok masa depan. Menyelamatkan NKRI dari tikus berdasi. #pilkadadki2017'
460,positive,Ahok-Djarot,'Selamat istirahat pak @basuki_btp Setelah ronde panjang melawan penjahat Anda telah menang #pilkadajakarta #pilkadadki2017 #BasukiDjarot'
461,positive,Ahok-Djarot,'Kekuasaan itu Tuhan yang kasih Tuhan juga yang ambil. #TerimakasihPakAhok saya bangga memilih Pak Ahok #pilkadadki2017 #TerimaKasihAhok'
462,positive,Ahok-Djarot,'Yang 1 itu selama kerja sudah terbukti, yang diomongin jadi kenyataan. Yang 1 nya jadi menteri aja dipecat apalagi ini? #pilkadadki2017'
463,positive,Ahok-Djarot,'Tidak apa-apa Ahok kalah, supaya sedikit aman. Coba Ahok menang, calo akhirat pada ribet teriak-teriak di monas. #PilkadaDKI #pilkadadki2017'
464,positive,Ahok-Djarot,'Untuk bpk@basuki_btp terima kasih untuk perjuanganmu selama 5 tahun terakhir. Kami akan terus mendukungmu terbang lebih tinggi lagi.#pilkada'
465,positive,Ahok-Djarot,'Artis pendukung Ahok selamati rekannya pendukung Anies http://ow.ly/XvnN30aYrAS  #PilkadaDKI2017'
466,positive,Ahok-Djarot,'Saatnya menerima gubernur baru. Terima kasih kepada gubernur lama. Sudahi perselisihan, mari bersatu untuk maju.#pilkadadki2017'
467,positive,Ahok-Djarot,'Kepemimpinan bapak @ahok membuat saya bangga menjadi bagian dari pegawai pemerintah.Terimakasih pak @ahok #salam2Jari'
468,positive,Ahok-Djarot,'@ahok @djarot saya mendukungmu di pilkada ini dengan sepenuh hati. Semoga menang menang merdeka'
469,positive,Ahok-Djarot,'#pilkadadki2017 sangat mencintaimu pak @ahok. Menanglah dan lanjutkan'
470,positive,Ahok-Djarot,'#HasilC10 #Ba2ukiDjarot #pilkadadki2017 #MataRakyat #KawalPilkada @basuki_btp @AhokDjarot unggul di TPS 58 Duri Kosambi Cengkareng'
471,positive,Ahok-Djarot,'Warga Pluit : Kami Pilih Ahok Karena Kerjanya, Bukan Satu Etnis. https://goo.gl/KVN4o5  #pilkadadki2017 #wargapluit @basuki_btp'
472,positive,Ahok-Djarot,'Selesai untuk beberapa waktu. Kami tetap setia #pilkadadki2017 https://www.instagram.com/p/BTDXsnuDpP9/'
473,positive,Ahok-Djarot,'Usai Nyoblos Ahok Hanya Tersenyum. https://goo.gl/Ea1PNS  #pilkadadki2017 #ahok'
474,positive,Ahok-Djarot,'Warga bekasi-tangerang-bogor-depok dihimbau agar mencoblos No.3,jangan (((No.2))) Dan bagi SEMUA warga DKI coblos (((No.2))) #PilkadaDki2017'
475,positive,Ahok-Djarot,'Selamat Pagi Salam 2 Jari untuk #pilkadadki2017 #pilkadajakarta'
476,positive,Ahok-Djarot,'Mari kita berdoa, agar mereka semua dengan hati yang bersih coblos paslon no 2 . Berdoa dimulai... #pilkadadki2017'
477,positive,Ahok-Djarot,'Meski Saya warga Sultra, tetapi Saya dukung Ahok Djarot Untuk Gub.DKI Jakarta #pilkadadki2017 #pilkadajakarta #ahokmenang #ahok'
478,positive,Ahok-Djarot,'Apa yang dicari.? Pilih gubernur, yang bisa mimpin jakarta. Bukan yang hanya omong kosong #BesokGuaAhok #pilkadadki2017 #PastikanBesokDua'
479,positive,Ahok-Djarot,'satu orang pemimpin yang tahu bagaimana cara memimpin adalah lebih baik dari pada seribu orang yang belajar kepemimpinan #pilkadadki2017'
480,positive,Ahok-Djarot,'#PilkadaDKI2017 KH Said Aqil Sebut #Ahok-Djarot Sejalan dengan NU'
481,positive,Ahok-Djarot,'Kita Butuh Pemimpin BERMUTU Bukan Sebatas penjaja KARTU di #pilkadadki2017 Nanti Semoga @AhokDjarot Sukses dan menang'
482,positive,Ahok-Djarot,'3 hari lagi menuju #pilkadadki2017 .dari provinsi jambi aku turut mengAMINkan tuit ini moga pak purnama @basuki_btp Dan pak hidayat terpilih'
483,positive,Ahok-Djarot,'Iwan Fals saja pilih Ahok Djarot..tahu kan konsistennya Iwan Fals melawan korupsi ? #pilkadadki2017 @Takviri'
484,positive,Ahok-Djarot,'Tanggal 19 pilih dengan hati nurani ya #pilkadadki2017 #BaDjaUntukJakarta'
485,positive,Ahok-Djarot,'#1000Lilin #rizieqpulang #LilinUntukAhok #ahok #AhokDjarot andai saja ini bisa di contoh untuk seluruh indonesia'
486,positive,Ahok-Djarot,'Bener banget! Cuma yang nonton concert Coldplay aja yang ngerti #AhokDjarot'
487,positive,Ahok-Djarot,"'Pelajaran Kesabaran dari ""The Invisible"" Djarot http://kom.ps/AFwLJ5  #AhokSelaluDihati #badja #AhokDjarot #AhokMartir'"
488,positive,Ahok-Djarot,'Apa pendapat anda tentang pak ahok? â€” Pemimpin hebat yang Tuhan utus utk Indonesia #gueahok #ahokdjarot #saveahok http://l.ask.fm/igoto'
489,positive,Ahok-Djarot,'gantungan kunci ahok berbagai model https://www.tokopedia.com/ #ahokfree #AhokIsHope #AhokDjarot #BasukiTjahajaPurnama #BTP #AhokTakBersalah'
490,positive,Ahok-Djarot,'#freeahok #saveahok #ahokfornobel2017 #ahokdjarot #ahoklovers #ahokbtp #ahok https://www.instagram.com/p/BUBE8R_BJnj/'
491,positive,Ahok-Djarot,'Introspeksi diri #saveahok #ripjustice #basukibtp #ahokdjarot #indonesia @Bogor, Indonesia https://www.instagram.com/p/BUA2fQxlDza/'
492,positive,Ahok-Djarot,'Ternyata mencari pemimpin yang dicintai itu tidak gampang.MSP. #AhokDjarot #AhokForNobel #silake5'
493,positive,Ahok-Djarot,'Djarot Ucapkan Terima Kasih Atas SYUKURAN AHOK DIPENJARA http://ow.ly/W7im30bFdmB  #ahok #ahokdjarot'
494,positive,Ahok-Djarot,'Kami mencintaimu Ahok and Djarot! #Ahok #SaveAhok #ahokdjarot'
495,positive,Ahok-Djarot,'Doaku Menyertai (Jakarta, May 2017) basukibtp @ahokdjarot #storyofthestreet #ahok #ahokdjarotâ€_ https://www.instagram.com/p/BT8t9c9jQlx/'
496,positive,Ahok-Djarot,'1000 Lilin untuk pak Ahok #saveahok #ahokers #ahokdjarotâ€_ https://www.instagram.com/p/BT6m67jFgW4IhB_AXM414EpDGHX3BA4-_8lc5w0/ â€_'
497,positive,Ahok-Djarot,'#Ahok #ahokhebat #AhokDjarot #AhokTakBersalah #RIPJUSTICEINDONESIA #politikkotor'
498,positive,Ahok-Djarot,'Mas @addiems , keren banget... Selamat berjuang, NKRI harga mati #SaveAhok #AhokDjarot #RIPJUSTICEINDONESIA'
499,positive,Ahok-Djarot,'Tugu proklamasi dibawah sinar bulan purnama #ahok #AhokDjarot #ahokfree'
500,positive,Ahok-Djarot,'Dari NTT untuk Bapak Ahok basukibtp #saveahok #ahok #ahokdjarotâ€_ https://www.instagram.com/p/BT6vCAkD2Odn28TQ0-1W-3a6HiqagNqDh_2T7g0/ â€_'
501,positive,Ahok-Djarot,'Manado 1000 lilin #AhokDjarot #Hukum_yang_telah_mati #NKRI harga mati'
502,positive,Ahok-Djarot,'1000 lilin untuk Ahok dari Manado @ManadoKota @temanAhok @basuki_btp @digembok #AhokDjarot #RipJustice #RIPHukum #Manado #saveNKRI'
503,positive,Ahok-Djarot,'pak @WagubDKI dan @basuki_btp itu adalah 2 sosok Band of Brothers di kehidupan nyata #DemiAhok #AhokDjarot'
504,positive,Ahok-Djarot,'Sejuta Lilin demi Keadilan #AhokDjarot #lawinforcement #justice #JakartauntukSemua #IndonesiaRaya https://www.instagram.com/p/BT6ioErhYdo/'
505,positive,Ahok-Djarot,'semoga #AhokDjarot bisa menyelesaikan tugas negaranya sampe oktober pas pelantikan gubernur baru, supaya APBN saat ini tidak diganggu2 amin'
506,positive,Ahok-Djarot,'SALAM SUJUD DAN HORMAT SAYA PADA PAK DJAROT KHABARNYA PENANGGUHAN TAHANAN AHOK DI SETUJUIN DAN MALAM INI PAK AHOK PULANG'
507,positive,Ahok-Djarot,'semoga selalu #tegar #AhokDjarot https://twitter.com/cpdmkrkm/status/862234789859868672'
508,positive,Ahok-Djarot,'Dukungan Doa dan Pemasangan sejuta Lilin untuk AHOK dari Manado Untuk Indonesia. #SaveAhok #AhokDjarot #RIPJusticeInIndonesia'
509,positive,Ahok-Djarot,'Manado untuk Pak @basuki_btp'
510,positive,Ahok-Djarot,'Rakyat Cinta NKRI Perjuangkan Keadilan #justice #lawinforcement #AhokDjarot #JakartauntukSemua @â€_ https://www.instagram.com/p/BT6eQ61hZfW/'
511,positive,Ahok-Djarot,'Semangat ya pak Djarot.. Doa kami menyertaimu.. #Ahok #AhokDjarot #Djarot #RIPJusticeInIndonesia'
512,positive,Ahok-Djarot,'Bagi bangsa ini kami berdiri Dan membawa doa dalam kemenangan Tuhan atas Indonesia ini melalui pak #Ahok #AhokDjarot #IndonesiaBerkabung'
513,positive,Ahok-Djarot,'Suatu hari nanti orang-orang akan bercerita bahwa BATMAN DAN ROBBIN pernah melindungi jakarta !!#AhokDjarot'
514,positive,Ahok-Djarot,'Perbedaan mana yang kerja keras dan mana yang suka cari muka ! #Ahok #AhokDjarot #freeahok #AhokIsHope #RIPJUSTICEINDONESIA #riphukum'
515,positive,Ahok-Djarot,'Dukungan Doa dan Pemasangan Lilin untuk AHOK dari MANADO untuk Indonesia. #SaveAhok #AhokDjarot #AhokPresidenRIke8'
516,positive,Ahok-Djarot,'Jerih lelahmu memperjuangkan bangsa ini dari korupsi dan menegakkan kebenaran diperhitungkan oleh Tuhan pak. GBU #Ahok #AhokDjarot #freeahok'
517,positive,Ahok-Djarot,'Tuhan selalu bersama pak @basuki_btp dan keluarga.kami selalu bersama pak ahok #freeahok #Ahok #keadilan #AhokDjarot'
518,positive,Ahok-Djarot,'Tetap semangat pak Djarot, Air matamu akan selalu terkenang, Air mata yang menandakan kecintaanmu untuk Indonesia #Djarot #ahok #ahokDjarot'
519,positive,Ahok-Djarot,'doa kami untuk Jakarta.#AhokDjarot'
520,positive,Ahok-Djarot,'Paduan suara warga di balai kota #ahokdjarot'
521,positive,Ahok-Djarot,'Apakah ini bukan suatu sejarah? #IndonesiaBersih #AhokDjarot'
522,positive,Ahok-Djarot,'DEMAM Karangan Bunga Dukung Ahok-Djarot Menjalar hingga Siantar'
523,positive,Ahok-Djarot,'Tidak ada pemimpin di Indonesia Sebaik jujur tegas dan kerja nyata Ahok Djarod is the Best #AhokDjarot'
524,positive,Ahok-Djarot,'Integrasi rusun, pasar dan bioskop rakyat semasa #AhokDjarot yang ditunggu kelanjutannya dibawah gubernur baru'
525,positive,Ahok-Djarot,'Hampir tengah malam kami sekeluarga lewat balai kota karena anak mau lihat bunga. Ternyata sampai monas! #AhokDjarot'
526,positive,Ahok-Djarot,'Ribuan Bunga untuk #AhokDjarot #AhokDicintaiRakyat #Jakarta'
527,positive,Ahok-Djarot,'#AhokDjarot selalu dihati #BuniYani masuk bui #Anies pecatan menteri, bloon'
528,positive,Ahok-Djarot,'Indonesia harum bunga #AhokDjarot ungkapan seribu bahasa Cinta'
529,positive,Ahok-Djarot,'Jelas yaaaa.... #bunga bukan abal2... #badja #AhokDjarot #jakarta @ Kantor Balai Kota Jakarta https://www.instagram.com/p/BTgm0rKl2dY/'
530,positive,Ahok-Djarot,'ke balaikota DKI Jakarta dan kehabisan kata-kata.. #AhokDjarot'
531,positive,Ahok-Djarot,'Bukan hanya di jakarta saja tapi di medan juga #AhokDjarot #AhokDicintaiRakyat #AhokShow #FadliZon #Jakarta'
532,positive,Ahok-Djarot,'Karangan bunga untuk ahok Dari kota kecil yang indah.... #Ajibarang #Basuki_btp #Jakarta #Ahok #AhokDjarot #DKIJakarta'
533,positive,Ahok-Djarot,'Pemenang sejati adalah pemenang hati Rakyat. Udah kalah masih bisa datangkan rejeki buat tukang bunga,Pak #AhokDjarot #AhokDicintaiRakyat'
534,positive,Ahok-Djarot,'@basuki_btp dan djarot semangat & sehat2 terus. Semoga diakhir masa jabatan ini, masyarakat DKI sadar akan pemimpin sebenarnya. #ahokdjarot'
535,positive,Ahok-Djarot,'Betul sekali itu abang yang keren Tuhan berkati #AhokDjarot dan berkati juga abang'
536,positive,Ahok-Djarot,'Balaikota masih rame, kiriman bunga pun masih terus mengalir untuk #ahok dan #djarot #badja #ahokdjarot'
537,positive,Ahok-Djarot,'Hari ini wisata ke balai kota. Mumpung gubernurnya masih pak ahok. Riang gembira dan gratis. Penuhnya luar biasa. #balaikotadki #AhokDjarot'
538,positive,Ahok-Djarot,'Perlu IDE GILA #REDKARPET #LONGREDCARPET #LONGREDCARPETAhokDjarot #AhokDjarot'
539,positive,Ahok-Djarot,'Allah bersama orang2 yang benar, subhanallah.. #DKIJakarta #AhokDjarot #PemProvAmanah #PemenangdiHatiRakyat #Piss'
540,positive,Ahok-Djarot,'Unik, Karangan bunga untuk Gubernur DKI Jakarta, Badja Viral di Medsos, ini salah satunya ... #POLEMIKPaluHakim #DKIJakarta #AhokDjarot'
541,positive,Ahok-Djarot,'Tuhan Memberkati #AhokDjarot'
542,positive,Ahok-Djarot,'Tuhan sayang Jakarta & AhokDjarot karena AhokDjarot kalah saja mereka masih marah, AhokDjarot menang apa yg terjadi di Jakarta terima kasih.'
543,positive,Ahok-Djarot,'Kami sudah biasa dan tak bisa lepas dengan yang galak-galak. Kami sayang kamu, Pak #AhokDjarot'
544,positive,Ahok-Djarot,'Lagi nongkrong ada yang masang karangan bunga. Dan ternyata tidak sampai monas aja tapi sampai Jogja! #AhokDjarot #BungaAhok #bungauntukahok'
545,positive,Ahok-Djarot,'Heboh papan bunga untuk pak ahok #pakahok #ahok #jakarta #dkijakarta #ahokdjarot #indonesia https://www.instagram.com/p/BTbroj0hnCS/'
546,positive,Ahok-Djarot,'#GombalinAhok kamu luar biasa pak begitu jahat ninggalin aku yg terlanjur sayang padamu #AhokDjarot '
547,positive,Ahok-Djarot,'Karangan bunga dan antrian foto bersama.... Il phenomenon baru kayaknya untuk seorg figur di indonesia #AhokDjarot'
548,positive,Ahok-Djarot,'Dari Batam untuk #ahokdjarot. Tetap semangat pak! https://www.instagram.com/p/BTbYtzqAQI6jzioWGmCLAnPDLEUHoxYZ8BWolU0/'
549,positive,Ahok-Djarot,'KARANGAN BUNGA ucapan TERIMAKASIH masyarakat ke Pak @basuki_btp & Pak @AhokDjarot sampai Monas #karanganbungaahok #telkomsel #AhokDjarot '
550,positive,Ahok-Djarot,'#ahok #djarot tetap di hatiku #pilkadadki'
551,positive,Ahok-Djarot,'#ahok #ahokdjarot #pilgubdki #saveahok #temanahok Gusur demi jutaan rakyat http://infototorqq.blogspot.com'
552,positive,Ahok-Djarot,'#ahok #saveahok #ahokdjarot #pilgubjkt Anies Unggul di Pemilih Muslim, Ahok Kaum Pendidikan Tinggi TotorQQ: http://www.infototorqq.com'
553,positive,Ahok-Djarot,'#duajari #ahokdjarot #badja #salamduajari #duajari #kode #code #gangster #farmer #foodhero https://www.instagram.com/p/BS1x10_Bovd/'
554,positive,Ahok-Djarot,'Sudahlah bikin pusing. Lagian @basuki_btp Sudah jawab dengan baik. tinggal semua tenang,konsentrasi,berdoa,selalu bahagia Untuk menang'
555,positive,Ahok-Djarot,'Terima kasih atas doanya pa Kyai .. #voteahok #AniesSandi #pilkadaDKI #ahokdjarot'
556,positive,Ahok-Djarot,'Kita jatuh cinta dengan gubernur yang tidak kita miliki. <Heart With Arrow> #PilkadaDKI #PilkadaDKI2017'
557,positive,Ahok-Djarot,'Betul tidak pak jokowi ? <Trophy> <Trophy> Oke lah ya pak basukibtp Dukung 100 % . . #pilkadadki #pilkadadki2017'
558,positive,Ahok-Djarot,'Peach #pilkadadki #pilkada #pilkadadki2017 #pilkada2017 #ahok #ahokdjarot #ahokers  https://www.instagram.com/p/BTDYVuNAw'
559,positive,Ahok-Djarot,'Kami sudah. #vote #pilkada #pilkadadki #pilkadadki2017 #ahokdjarot @ TPS 07 https://www.instagram.com/p/BTDSmEylbz8/'
560,positive,Ahok-Djarot,'Ayo coblos yang bijaksana untuk JAKARTA yang lebih baik  <Victory Hand>  #PilkadaDKI #PilkadaDKI2017 #PilkadaJakartaAman'
561,positive,Ahok-Djarot,'Bapak Presiden sudah bilang Pilkada DKI akan aman tohh  <Smiling Face With Sunglasses>  <Smiling Face With Sunglasses> ... #PilkadaDKI2017 @jokowi @JokowiAhokJKT'
562,positive,Ahok-Djarot,'Kekalahan Ahok ini disengaja, biar bisa sepaket dengan AHY pada Pilpres nanti <FACE WITH STUCK-OUT TOUNGES> <grining face with smile eye> <grining face with smile eye> <Smiling Face With Sunglasses> <Smiling Face With Sunglasses> #PilkadaDKI. #Ahokers jangan risau hahahahahaha'
563,positive,Ahok-Djarot,'Pak Anies sepertinya semakin banyak dapat respon negatif dari netizen.Makin emosi-an.AHY, tetap hafalan.Badja paling ok <Smiling Face With Sunglasses> <Smiling Face With Sunglasses> <Victory Hand>'
564,positive,Ahok-Djarot,'Kekalahan Basuki Tjahaja Purnama-Djarot Saiful Hidayat di Pilkada DKI Jakarta tidak mempengaruhi elektabilitas PDI <Victory Hand>'
565,positive,Ahok-Djarot,'saya percaya, kondisi cuaca beberapa hari sebelum pilkada dki ikut serta memberikan kontribusi positif ke ahok-djarot. Aku 2!! <Victory Hand> <Victory Hand>'
566,positive,Ahok-Djarot,'Bagi Tompi, Ahok-Djarot <Victory Hand> <Victory Hand> Lakukan Perubahan Positif, Nih Buktinya! #PilkadaDKI'
567,positive,Ahok-Djarot,'Positif, PDIP Usung Ahok-Djarot di Pilkada DKI 2017 <Victory Hand> - Suara Nasional http://fb.me/4WTHLLCNZ'
568,positive,Ahok-Djarot,'Kalah karena jujur lebih baik daripada menang karena curang <Heavy Check Mark> <Heavy Check Mark>. Initerjadi di pilkada DKi.Makanya masih iri tidak terima sama Ahok'
569,positive,Ahok-Djarot,'KALAH PILKADA DKI AHOK DJAROT DAPAT KARANGAN BUNGA SIMPATI KARENA TERUJI DAN TERUKUR <Victory Hand> <Victory Hand> ANIES SANDI MENANG DAPAT BUNGA DP 0%'
570,positive,Ahok-Djarot,'Ahok-Djarot kalah dalam pilkada, tapi menang dalam menjaga integritas berdemokrasi Pancasila. Bangga! <SMILING FACE WITH HEART-EYES> #JakartaGubernurBaru #PilkadaDKI'
571,positive,Ahok-Djarot,'Kepada Pendukung #BaDja #AhokDjarot kita tidak usah terprovokasi dan jangan mengotori tangan2 kita dengan Hal2 yang mengandung NAZIS <Heavy Check Mark> <Heavy Check Mark>'
572,positive,Ahok-Djarot,'Ingat kita pilih pelayan warga, bukan pemimpin agama di JKT. Pilih yang jelas BAIK, JUJUR dan BERSIH <Heavy Check Mark> <Heavy Check Mark> #AhokDjarot #debatpilkadadki'
573,positive,Ahok-Djarot,'Banyak pemimpin agama yang baik. Tapi pelayan warga yang JUJUR, BERSIH dan KERJA NYATA, cuma <Victory Hand> <Victory Hand> @AhokDjarot #DebatPilkadaDKI'
574,positive,Ahok-Djarot,'#djarotsupportpersija Luar Biasa #AhokDjarot #BaDjaBeragam'
575,positive,Ahok-Djarot,'Jangan lupa coblos pemimpin yang pekerja keras <Victory Hand> <Victory Hand> #AhokDjarot #AniesSandi #JakartaPunyaSemua'
576,positive,Ahok-Djarot,'masih berama dalang enthus #AhokDjarot #AhokDjarotLebihBaik #enthus #salamduajari'
577,positive,Ahok-Djarot,'#Jelas membawa manfaat untuk umat. Komitmen #AhokDjarot <Victory Hand> <Victory Hand> untuk Umat Islam - https://kask.us/ioQK2  #ForumKaskus via #KASKUS'
578,positive,Ahok-Djarot,'Haha..kerja nyata #AhokDjarot <Victory Hand> <Victory Hand>'
579,positive,Ahok-Djarot,'Baju Seragam buat nyoblos sudah siap nih teman-teman... #pilkadadki #ahokdjarot… https://www.instagram.com/p/BS3xZkflwVZ/'
580,positive,Ahok-Djarot,'#gue2 #kami2 #ahokdjarot #tetapahokdjarot #suarakankebenaran #weedbegoodtogether #katakitaig https://www.instagram.com/p/BS3mqF8lxNP/'
581,positive,Ahok-Djarot,'karena #AhokDjarot  <Victory Hand> <Victory Hand>  terbukti berkinerja bagus, bersih, anti korupsi & memperjuangkan keadilan'
582,positive,Ahok-Djarot,'Marilah Kemari (@ahokdjarot  <Victory Hand> <Victory Hand>  disini) cover by Citra & Alain #ahokdjarot #basukidjarot @temanAhok @AhokShow'
583,positive,Ahok-Djarot,'SAYA 2 <Victory Hand> #AHOKDJAROT #BA2JA (at Toba Dream)'
584,positive,Ahok-Djarot,'Ahok-Djarot  <Victory Hand> <Victory Hand>  Meroket. #ahok #djarot #ahokdjarot #pilkada #election #pilkadadki2017 #gubernur… https://www.instagram.com/p/BS3diVJBTna/'
585,positive,Ahok-Djarot,'INI! #Ahok #AhokDjarot'
586,positive,Ahok-Djarot,'Walaupun banyak cobaan yang menimpa pak ahok, mundur 1 langkah maju 1000 langkah untuk menjadikan jakarta lebih maju lagi <Trophy> #ahokdjarot'
587,positive,Ahok-Djarot,'#AhokDjarot <Victory Hand> <Victory Hand> '
588,positive,Ahok-Djarot,'jakarta tidak butuh gubernur yang pandai bermain kata2.. jakarta butuh gubernur yang bekerja nyata <Victory Hand> <Victory Hand>  #AhokDjarot'
589,positive,Ahok-Djarot,'Siaran langsung pak Ahok  <grining face with smile eye>  #ahok #ahokdjarot https://www.instagram.com/p/BS3YHWsgAk7/'
590,positive,Ahok-Djarot,'Ahok di Net Ahok di ini talkshow #AhokDjarot #JakartaPunyaSemua #temenahok #ahokdjarotmenang #JakartaKece'
591,positive,Ahok-Djarot,'benar deh ,ikhlas kok #ahokdjarot tidak jadi gubernur beliau sudah tujukkan cara berdemokrasi, dan jadi sosok pemimpin yang berintregitas'
592,positive,Ahok-Djarot,'Kata babe pilih nomor 2 <Victory Hand> <Victory Hand> <Victory Hand> #ahokdjarot basukibtp @Kebagusan,pala Soang https://www.instagram.com/p/BS3SLRFgFVb/'
593,positive,Ahok-Djarot,'#AhokDjarot hasil kerja nyata,hasil kerja sudah banyak yang terselesaikan, gak pakai janji2 lagi,tinggal meneruskan yang lain  <Victory Hand> <FOLDED HANDS> <Fire>'
594,positive,Ahok-Djarot,'Menjadi cerdas dan berpikir jernih #AhokDjarot #Putaran2Menang'
595,positive,Ahok-Djarot,'#KawalC6CoblosNo2 kawal #AhokDjarot #Putaran2Menang <Victory Hand> <Victory Hand>'
596,positive,Ahok-Djarot,'Cuma ahok jarot yang bisa membereskan jakarta karena tahu apa yang dilakukan <FOLDED HANDS> <FOLDED HANDS> .Bukan calon yang cuma ngayal sama jualan kipas.'
597,positive,Ahok-Djarot,'Begini Program Ahok-Djarot <Victory Hand> <Victory Hand> Ajak Warga Bekerja Baca selengkapnya #Ahok #Ahokdjarot'
598,positive,Ahok-Djarot,'#JakartaBersuriah ala ustad cang haris.. pilih #AhokDjarot <Victory Hand> jangan lupa No. 2 pilih yang islami asli berakhlaq dan sudah haji.. Haji Djarot'
599,positive,Ahok-Djarot,'Di hari2 terakhir ini saya usul team pak @basuki_btp bergerak di #JAKARTATIMUR #AhokDjarot #Kami2 untuk sosialisasi ProgramKerja  <FOLDED HANDS> <FOLDED HANDS>'
600,positive,Ahok-Djarot,'<lovered> Nama yang Indah <lovered> Nama masjid baru pemkot Jakarta MASJID RAYA KH HASYIM ASHARI. @nu_online @NahdlatulOelama #AhokDjarot'
601,negative,Anies-Sandi,'Lebih baik jadi dosen yang dibanggakan dari pada berharap jadi Gubernur dengan cara yang membohongi rakyat dan diri sendiri. #pilkadadki2017'
602,negative,Anies-Sandi,'Kalau saya sih malu ngakunya juga @aniesbaswedan ...'
603,negative,Anies-Sandi,'Kenapa pak @prabowo Berterimakasi pada #FPI setelah @aniesbaswedan @sandiuno Memenangkan #PilkadaDki2017 pengamat politik mana pengamat.'
604,negative,Anies-Sandi,'Daftar rumah baru di jakarta yang DP nya 0-Rp Kalau gak terealisasi, kau tanggung janji kau di akhirat nanti,,, #pilkadaDKI2017 #pathdaily'
605,negative,Anies-Sandi,'Kalian dijanjikan ini itu sama calon gubenur baru. jangan lupa tagih janjinya, Jakarta butuh kerja nyata bukan sekedar janji #pilkada'
606,negative,Anies-Sandi,'Bagi yang precariat kayak aku ini, dp rumah 0% lumayan membantu. Jadi pasti aku tagih! #pilkadadki2017'
607,negative,Anies-Sandi,'Harus menerima hasil ini dengan lapang dada. #PilkadaDKI2017'
608,negative,Anies-Sandi,'Sedih... Tetap Optimis ya Jakartaku #pilkadaDKI2017'
609,negative,Anies-Sandi,'Kalo gitu aku mau tagih program DP 0% dari Anies-Sandi #PilkadaDKI #pilkadadki2017'
610,negative,Anies-Sandi,'Sabtu kerja&ngobrol tentang #pilkadaDKI,ternyata ketua RW di komplek rumah teman saya super maksa warga pilih Anies demi janji 3 Milyar'
611,negative,Anies-Sandi,'Takut kalah jadi buruan bagi-bagi sembako. Kayanya lebih cocok jadi pegawai bulog kaleee. Colek @kpu_dki @KPU_RI @jokowi #PilkadaDKI2017'
612,negative,Anies-Sandi,'Jenazah ditolak.  Abis solat diusir. Yang dagang di usir. Agama jadi jualannya politik. Mantavvv jiwa Cara lu..  #pilkadadki2017 #pilkada'
613,negative,Anies-Sandi,'Tapi lawan Ahok sekarang jelas tidak lebih baik, malah lebih buruk. Track record kurang, komitmen memberantas korupsi nihil. #PilkadaDKI2017'
614,negative,Anies-Sandi,'Mungkin maksud Anies, prostitusi dan perjudian di Kalijodo harus tertata rapih -> http://megapolitan.kompas.com/read/2017/04/15/19414861/ani'
615,negative,Anies-Sandi,'Ih serem, terus nanti bilangnya di pitenah...#Gue2 #BaDjaUntukJakarta #pilkadadki2017'
616,negative,Anies-Sandi,'Pak @aniesbaswedan sekarang kan lagi masa tenang, kok team sukses bapak masih kerja ya? Bagi2 bunga segala lagi #pilkadadki2017'
617,negative,Anies-Sandi,'Terlalu tidak bisa diaplikasikan, program2 paslon 3. Bahkan cenderung tidak bisa nyambung dalam bahasa teknisnya. Sangat prihatin'
618,negative,Anies-Sandi,'semoga Allah SWT memberikan rahmat bagi yang mendzolimi sesama. #prihatin #pilkadadki2017'
619,negative,Anies-Sandi,"'Anis persis kayak orang jualan sabun wangi dipasar, kalau ngomong pinter tapi tidak pernah mandi"" #pilkadadki2017'"
620,negative,Anies-Sandi,'Jika nanti punya pemimpin yang ingkar, jangan heran, karena pada tuhan pun manusia itu seringkali ingkar!! #pilkadadki2017'
621,negative,Anies-Sandi,'Fasisme musuh demokrasi. @aniesbaswedan merangkul dua sekaligus: Islamisme & orang2 Orde Baru. #PilkadaDKI2017 #DebatFinalPilgubDKI'
622,negative,Anies-Sandi,'Bapak @basuki_btp Pemenang PILKADA 2017 @AhokDjarot BangunDki @AniesBaswedanID jangan STRES  kalau GATOT(gagal total)#pilkadadki2017'
623,negative,Anies-Sandi,'Lagi2 bicaramu ngawur tanpa fakta, jangan asal ngomong @aniesbaswedan @sandiuno @basuki_btp @RoryAsyari #pilkadadki2017 #debatpilkadadki'
624,negative,Anies-Sandi,'Pilkada telah ditutup dengan Debat (kusir) yang kusut kualitasnya. Debat terparah. #debatfinalpilkadadki #pilkadadki2017 #AhokDjarotDiRosi'
625,negative,Anies-Sandi,'Baru kali ini kau terlihat arogan pak Anies, saya menjadi tidak yakin untuk memilihmu #pilkadadki2017'
626,negative,Anies-Sandi,'Setelah KO di beberapa Polling, kini mereka goreng soal KPUD tidak netral, kamvreetttt.... #pilkadadki2017 #debatfinalpilkadadki #OkeOce'
627,negative,Anies-Sandi,'program asal ngomong begini jadinya, pemotongan warga #pilkadadki2017 #pilkadadkijakarta2017 #asalngomomg'
628,negative,Anies-Sandi,'Waaaah ternyata dia sudah sadar, kalo selama ini salah pilih #BasukiDjarot @ahok_btp @AhokDjarot #pilkadadkijakarta2017 #PILKADADKI2017'
629,negative,Anies-Sandi,'Belajar mulai dari yang sederhana: Kursi dipakai untuk duduk. Tapi sejak kapan meja jadi tempat duduk? Pantas aja jadi Mendikbud dipecat!'
630,negative,Anies-Sandi,'Lho, Lagu Anies-Sandi Menjiplak Nyanyian Yahudi? http://m.jpnn.com/news/lho-lagu-anies-sandi-menjiplak-nyanyian-yahudi  #HashemMelech'